Time,Signal
0.0,0.24835707650561634
0.03003003003003003,-0.039106633879096186
0.06006006006006006,0.38386822740598386
0.09009009009009009,0.8514832025086077
0.12012012012012012,0.00275477535590532
0.15015015015015015,0.032518116439720926
0.18018018018018017,0.968813247406308
0.21021021021021022,0.5923828518994685
0.24024024024024024,0.00319878106629895
0.2702702702702703,0.538271927357447
0.3003003003003003,0.06409823476032284
0.3303303303303303,0.09149064040441676
0.36036036036036034,0.47359260629435496
0.39039039039039036,-0.5760906605771979
0.42042042042042044,-0.45431461800859596
0.45045045045045046,0.15422733215141637
0.4804804804804805,-0.04421025419896024
0.5105105105105106,0.6457463947907196
0.5405405405405406,0.060587505073007974
0.5705705705705706,-0.16603952587879178
0.6006006006006006,1.297962453052804
0.6306306306306306,0.47676605741240397
0.6606606606606606,0.647402737264686
0.6906906906906907,-0.0753043703155043
0.7207207207207207,0.38773498037408327
0.7507507507507507,0.7376491786993987
0.7807807807807807,0.12833748369403275
0.8108108108108109,0.912694998186885
0.8408408408408409,0.44488474171274794
0.8708708708708709,0.6190433328749823
0.9009009009009009,0.4830332945346318
0.9309309309309309,1.728315227848652
0.960960960960961,0.8129937079246082
0.990990990990991,0.30771385022713893
1.021021021021021,1.263914401391608
1.0510510510510511,0.25752389396029673
1.0810810810810811,0.986898633077553
1.1111111111111112,-0.08364286090993156
1.1411411411411412,0.2450164142194099
1.1711711711711712,1.0196375185013016
1.2012012012012012,9.17548889471906
1.2312312312312312,1.0285837519774037
1.2612612612612613,0.8946511580306855
1.2912912912912913,0.8106402590205462
1.3213213213213213,0.22978117871993342
1.3513513513513513,0.6160963176130856
1.3813813813813813,0.7517951743292228
1.4114114114114114,1.5158862039085332
1.4414414414414414,1.1634544610467232
1.4714714714714714,0.11355126281977457
1.5015015015015014,1.1596420588466754
1.5315315315315314,0.8066880967512715
1.5615615615615615,0.661496359705597
1.5915915915915915,1.305621930693297
1.6216216216216217,1.5142084339676307
1.6516516516516517,1.462373048224503
1.6816816816816818,0.5742497540451197
1.7117117117117118,0.8354816577768869
1.7417417417417418,1.151056094651177
1.7717717717717718,1.4676448841692102
1.8018018018018018,0.7338495582407236
1.8318318318318318,0.8732937635280231
1.8618618618618619,0.4047711524657961
1.8918918918918919,0.3507869083005912
1.921921921921922,1.3452490649490136
1.951951951951952,1.6063553848300274
1.981981981981982,0.8806425042856597
2.012012012012012,1.4059996354205695
2.042042042042042,1.0718214417435066
2.0720720720720722,0.5544103457429579
2.1021021021021022,1.0428440249385131
2.1321321321321323,1.615563077188485
2.1621621621621623,0.8122669871569961
2.1921921921921923,1.5953884450610847
2.2222222222222223,-0.514652495021823
2.2522522522522523,1.187607671373226
2.2822822822822824,0.8009159772416198
2.3123123123123124,0.5879418246010782
2.3423423423423424,0.7627139644434078
2.3723723723723724,-0.2982091986613391
2.4024024024024024,10.047052332258852
2.4324324324324325,0.8297529707478795
2.4624624624624625,1.367063468962434
2.4924924924924925,0.3453347045114039
2.5225225225225225,0.17603130771008685
2.5525525525525525,0.3046846258298433
2.5825825825825826,0.9880482742397895
2.6126126126126126,0.6690286053734578
2.6426426426426426,0.21362372052924733
2.6726726726726726,0.7085568272254119
2.7027027027027026,0.473473658741913
2.7327327327327327,0.8818859741034469
2.7627627627627627,0.018807029789702
2.7927927927927927,0.17793910946461075
2.8228228228228227,0.11734452611900537
2.8528528528528527,-0.44701305392799623
2.8828828828828827,0.403893612132155
2.9129129129129128,0.35721946917093717
2.942942942942943,0.19990250493798786
2.972972972972973,0.05052819988390575
3.003003003003003,-0.5695389452487712
3.033033033033033,-0.10197614785955013
3.063063063063063,-0.09290835682988736
3.093093093093093,-0.3526580853819763
3.123123123123123,-0.062174375413741635
3.153153153153153,0.19046518634297216
3.183183183183183,0.9015144103315341
3.2132132132132134,0.015729560755063834
3.2432432432432434,0.027299571875307932
3.2732732732732734,-0.16852335507963168
3.3033033033033035,-1.1203923804014158
3.3333333333333335,-0.20382490060009384
3.3633633633633635,-0.18984220623895265
3.3933933933933935,0.9824727398909153
3.4234234234234235,-0.37429513814370874
3.4534534534534536,-0.15605653828674249
3.4834834834834836,-0.3526249684876046
3.5135135135135136,-0.9477446527808557
3.5435435435435436,0.1801969185060287
3.5735735735735736,-0.042704055416914466
3.6036036036036037,-0.050233151366799955
3.6336336336336337,-0.9271194578555727
3.6636636636636637,0.2027208222252972
3.6936936936936937,-1.2254027935525165
3.7237237237237237,-0.25637670469998336
3.7537537537537538,0.5205903504639235
3.7837837837837838,-1.0942196651725342
3.813813813813814,-0.9058743120804493
3.843843843843844,-0.5961121761164129
3.873873873873874,-0.9203056323665324
3.903903903903904,-1.4659265965432589
3.933933933933934,-0.6777177357788234
3.963963963963964,-1.2639133876433228
3.993993993993994,-0.5160668663898098
4.024024024024024,-1.2319978668094114
4.054054054054054,-0.016044818128575278
4.084084084084084,-1.2006516545773125
4.114114114114114,-0.9873392281705378
4.1441441441441444,-0.43608821182685303
4.1741741741741745,-1.4740573047497736
4.2042042042042045,-0.7598992529611712
4.2342342342342345,-0.234274134864344
4.2642642642642645,-1.7050028197134663
4.2942942942942945,-0.8215472648822324
4.324324324324325,-0.7957017254700272
4.354354354354355,-0.5456759304104847
4.384384384384385,-1.5651624118952427
4.414414414414415,-1.6161613923641156
4.444444444444445,-0.7033463341203294
4.474474474474475,-0.8233392529862665
4.504504504504505,-0.8532233026087546
4.534534534534535,-0.8110014408756916
4.564564564564565,-1.3291062136975367
4.594594594594595,-0.8769434111307745
4.624624624624625,-0.849614943718864
4.654654654654655,-1.3555095457184723
4.684684684684685,-0.06672900497267853
4.714714714714715,-0.7630808350252383
4.744744744744745,-1.5951283465223258
4.774774774774775,-0.6697778330789304
4.804804804804805,-1.4830735312508054
4.834834834834835,-0.5989705660492244
4.864864864864865,-0.4091002666736475
4.894894894894895,-1.3937331305531973
4.924924924924925,-0.49581106305981787
4.954954954954955,-0.7643343754060375
4.984984984984985,-0.5520451335698981
5.015015015015015,-0.006160658367953209
5.045045045045045,-1.067872386294845
5.075075075075075,-1.311815288752243
5.105105105105105,-1.3686302251078328
5.135135135135135,-1.3198708679305087
5.165165165165165,-0.9377869439534329
5.195195195195195,-0.715119593040195
5.225225225225225,-0.7330110093390088
5.255255255255255,-0.4426398805267029
5.285285285285285,-0.833833561285941
5.315315315315315,-0.09691271184419437
5.345345345345345,-0.9386106694336092
5.375375375375375,0.5719268809632053
5.405405405405405,-0.4564887686316195
5.435435435435435,10.395566895127876
5.465465465465465,-1.265034607109497
5.495495495495495,-0.4674891554516916
5.525525525525525,-0.7989546783113742
5.555555555555555,-0.3081012679327764
5.585585585585585,-0.40576118675106887
5.615615615615615,-0.6554936829386412
5.645645645645645,-1.018617067850625
5.675675675675675,-1.3282480725092856
5.7057057057057055,-0.7691714551923297
5.7357357357357355,-0.09231183128305553
5.7657657657657655,-0.3875922425069318
5.7957957957957955,-1.09119035668546
5.8258258258258255,-0.35499005578428955
5.8558558558558556,-0.22178319164555585
5.885885885885886,-0.8288582456875642
5.915915915915916,-0.28220571281886225
5.945945945945946,11.551663135169097
5.975975975975976,-0.8738849533590871
6.006006006006006,-0.09475002464846272
6.036036036036036,0.03575141207105584
6.066066066066066,0.32610822538608847
6.096096096096096,0.340901334119167
6.126126126126126,-0.845248949153487
6.156156156156156,-0.5956003142019247
6.186186186186186,0.1606705491004486
6.216216216216216,0.18997393109215183
6.246246246246246,0.22059318216911755
6.276276276276276,1.919456769390681
6.306306306306306,0.30856419452209743
6.336336336336336,0.6209088272228932
6.366366366366366,0.5600860512596879
6.396396396396396,0.43866503674655144
6.426426426426427,-0.014882838110519492
6.456456456456457,0.5518900433014365
6.486486486486487,-0.18450898937079685
6.516516516516517,0.1128104358254163
6.546546546546547,0.01764558766181465
6.576576576576577,0.33013730737401253
6.606606606606607,1.4751416151645733
6.636636636636637,-0.5874947528034592
6.666666666666667,0.7172813257584767
6.696696696696697,-0.404530703180367
6.726726726726727,0.19317495970969234
6.756756756756757,1.0005428799431588
6.786786786786787,0.5147230277913667
6.816816816816817,-0.030209095903429573
6.846846846846847,0.1766330337873398
6.876876876876877,0.8992235748916524
6.906906906906907,0.2188767437768815
6.936936936936937,0.7163980462776814
6.966966966966967,0.6545149562802755
6.996996996996997,0.32891949522564506
7.027027027027027,1.7490919627932295
7.057057057057057,1.0158690957062464
7.087087087087087,-0.292502273553657
7.117117117117117,0.8338063009970487
7.147147147147147,0.429528228979427
7.177177177177177,1.2057947479160103
7.207207207207207,0.40177135766608907
7.237237237237237,0.7583975394261904
7.267267267267267,1.0852578284423844
7.297297297297297,1.2818892822679664
7.327327327327327,0.26434539438904403
7.357357357357357,0.711945348652189
7.387387387387387,0.6556328779301768
7.4174174174174174,0.5795451397016136
7.4474474474474475,1.8012239376114514
7.4774774774774775,1.132446493765846
7.5075075075075075,0.3101339084453011
7.5375375375375375,1.4092789563326242
7.5675675675675675,2.020341216527496
7.597597597597598,1.4835458824473524
7.627627627627628,0.21480614319283386
7.657657657657658,0.7386732310424953
7.687687687687688,1.6196605705266558
7.717717717717718,0.6368956960838074
7.747747747747748,1.2162721996872992
7.777777777777778,1.3844149176585432
7.807807807807808,0.5354689424826791
7.837837837837838,0.9701070137223875
7.867867867867868,-0.6207300822311487
7.897897897897898,0.48684201518962344
7.927927927927928,0.8709831426990944
7.957957957957958,0.370707739261833
7.987987987987988,1.8072402290962843
8.018018018018019,0.2715054845364021
8.048048048048049,0.761205896352814
8.078078078078079,1.0403655868361992
8.108108108108109,1.6885199138962514
8.138138138138139,0.2419673907865606
8.168168168168169,1.5326299654856959
8.198198198198199,0.9464566496628936
8.228228228228229,0.44002898410288405
8.258258258258259,1.150438917405081
8.288288288288289,1.0066918551675552
8.318318318318319,0.5940103762350688
8.348348348348349,0.9151704065717935
8.378378378378379,0.6729693452704542
8.408408408408409,0.9069610306171139
8.438438438438439,1.1650772523741777
8.468468468468469,1.6100778226284598
8.498498498498499,0.18048238454909193
8.528528528528529,1.8475067026869219
8.558558558558559,-0.2141582489868985
8.588588588588589,0.6662017197643728
8.618618618618619,1.015792314706419
8.64864864864865,0.8410183671857371
8.67867867867868,0.3674297097111642
8.70870870870871,0.5523633015851688
8.73873873873874,0.38697699573895783
8.76876876876877,0.3152768921418745
8.7987987987988,1.01069210508688
8.82882882882883,0.73980226708748
8.85885885885886,0.18973705512202782
8.88888888888889,0.9604056161909083
8.91891891891892,0.6382088336562436
8.94894894894895,0.8645065835367001
8.97897897897898,0.7459933332753581
9.00900900900901,-0.010604014039605592
9.03903903903904,0.09615334555960448
9.06906906906907,0.7219017702186485
9.0990990990991,0.6251371687020669
9.12912912912913,0.28090979540321603
9.15915915915916,0.3211701104148107
9.18918918918919,0.8722479818213128
9.21921921921922,-0.09167152426543962
9.24924924924925,0.4481774400849214
9.27927927927928,0.04388953378630911
9.30930930930931,0.006371630077958795
9.33933933933934,0.6347231384792252
9.36936936936937,0.46808841848229277
9.3993993993994,0.4321306551905336
9.42942942942943,0.648087951690417
9.45945945945946,-0.024172625770665243
9.48948948948949,0.2763101116101515
9.51951951951952,-0.2497332678557571
9.54954954954955,0.037635075188752545
9.57957957957958,-0.2192556205354384
9.60960960960961,-0.13528306996797357
9.63963963963964,0.08436622293677942
9.66966966966967,-0.6515616077454983
9.6996996996997,0.7747220221435783
9.72972972972973,-0.8032558605796651
9.75975975975976,-0.9358462869921826
9.78978978978979,0.2220950925290595
9.81981981981982,0.01098452275061701
9.84984984984985,-0.10032636588863042
9.87987987987988,-0.12538110685608522
9.90990990990991,-0.47244847391249684
9.93993993993994,-0.94130299761033
9.96996996996997,7.737053988639274
10.0,-0.8826019666454257
10.03003003003003,-0.08140951897420062
10.06006006006006,-0.6669332916558559
10.09009009009009,-1.0300533208635476
10.12012012012012,-0.8013411196225262
10.15015015015015,-0.4569482531250777
10.18018018018018,-0.9674438145693903
10.21021021021021,-1.118241081031399
10.24024024024024,-0.6061989779619896
10.27027027027027,-0.6258144971814751
10.3003003003003,-1.021349803196842
10.33033033033033,-1.0222853784831538
10.36036036036036,-0.6889198125665486
10.39039039039039,-1.546439660735436
10.42042042042042,-1.54284050136931
10.45045045045045,-1.2142851954498712
10.48048048048048,-0.9769700910670133
10.51051051051051,-0.7291914311147261
10.54054054054054,-0.16056808864715522
10.57057057057057,-0.4822073887529797
10.6006006006006,-1.0029759544971493
10.63063063063063,-0.9436519752510834
10.66066066066066,-1.445703385239912
10.69069069069069,-0.9631384691661141
10.72072072072072,-1.1067942702447837
10.75075075075075,-0.808820831960663
10.78078078078078,-1.3906358999505464
10.81081081081081,-0.7233064736462163
10.84084084084084,-0.22168318969433587
10.87087087087087,-1.0466146742642162
10.9009009009009,-0.7946659602239461
10.93093093093093,-0.6528393498507272
10.96096096096096,-1.200011254559647
10.99099099099099,-0.8879432558094388
11.02102102102102,-0.9933800489578825
11.05105105105105,-0.9496235097108036
11.08108108108108,-1.3828514128804352
11.11111111111111,-0.9810779553254392
11.14114114114114,-0.7404246952279573
11.17117117117117,-0.2590506373061503
11.2012012012012,-0.49929776006107257
11.23123123123123,0.10423006199328144
11.26126126126126,-1.3485861298318689
11.29129129129129,-0.5204331164791316
11.32132132132132,-0.8557409247031681
11.35135135135135,0.1575253607365137
11.381381381381381,-1.33064416206801
11.411411411411411,-1.3346394010728782
11.441441441441441,-1.2019333755834025
11.471471471471471,-1.950829909225011
11.501501501501501,-1.1376030161242978
11.531531531531531,-1.239346523727956
11.561561561561561,-0.7688626935438179
11.591591591591591,-0.656699874707563
11.621621621621621,0.12773553706768626
11.651651651651651,-0.3171792625927142
11.681681681681681,-1.0621697818517388
11.711711711711711,-1.203554373520564
11.741741741741741,-0.48833631484186646
11.771771771771771,-1.373699226588006
11.801801801801801,0.22350349974713957
11.831831831831831,-0.08052487865999547
11.861861861861861,-0.8822474376370943
11.891891891891891,-1.481057531396552
11.921921921921921,0.07617838965538781
11.951951951951951,-0.6337535263364401
11.981981981981981,0.0672185813986872
12.012012012012011,-1.3236118971004776
12.042042042042041,-0.8003194007680844
12.072072072072071,-0.4717924237558788
12.102102102102101,-0.424278565132207
12.132132132132131,-0.6457524173281393
12.162162162162161,-0.08186615735399166
12.192192192192191,-0.899318135812565
12.222222222222221,-0.4085848699639599
12.252252252252251,-0.24883027695609722
12.282282282282281,-0.02306302480097805
12.312312312312311,0.10447338866524225
12.342342342342342,-0.7844800681534141
12.372372372372372,-0.9598407509061009
12.402402402402402,0.47560394187326105
12.432432432432432,0.032618927599454894
12.462462462462462,-0.4779645400325324
12.492492492492492,0.7017650517373311
12.522522522522522,0.014003274752419276
12.552552552552552,0.575830969955191
12.582582582582582,0.049970498778164826
12.612612612612612,1.0765994824061922
12.642642642642642,0.9538685199126496
12.672672672672672,-0.01838010731020824
12.702702702702702,0.6216956347945386
12.732732732732732,0.4882837715592939
12.762762762762762,0.8794478894672257
12.792792792792792,-0.25796926309582224
12.822822822822824,0.5966761209863244
12.852852852852854,0.8117918327859509
12.882882882882884,-0.568115767363983
12.912912912912914,-0.2519815625825647
12.942942942942944,-0.651880949418014
12.972972972972974,0.26078756832940375
13.003003003003004,0.7816613315011742
13.033033033033034,1.201086612832474
13.063063063063064,0.5135676623362374
13.093093093093094,1.3170105352772903
13.123123123123124,-0.16161878089334936
13.153153153153154,-0.29800659128948537
13.183183183183184,0.5506641823414075
13.213213213213214,0.7947025618800179
13.243243243243244,0.6100108205373225
13.273273273273274,-0.38423930732742306
13.303303303303304,0.6274596106672592
13.333333333333334,0.04171678432462955
13.363363363363364,1.0500939528035773
13.393393393393394,0.9192179724123788
13.423423423423424,0.2859765234399027
13.453453453453454,0.518298888934094
13.483483483483484,0.2642424635662771
13.513513513513514,0.7804107112036427
13.543543543543544,1.3064904718525583
13.573573573573574,0.3524778746943389
13.603603603603604,1.1130234684616473
13.633633633633634,0.6107543203881162
13.663663663663664,0.4935398178978918
13.693693693693694,0.8497516358449995
13.723723723723724,0.3981217291623842
13.753753753753754,0.6505685548925784
13.783783783783784,0.33926831561213144
13.813813813813814,1.9305378684408372
13.843843843843844,0.9749201152503248
13.873873873873874,0.615675402211636
13.903903903903904,1.079907269032013
13.933933933933934,0.9232551327458963
13.963963963963964,0.8745530252807344
13.993993993993994,11.518763791642073
14.024024024024024,1.3723600203367738
14.054054054054054,0.7312975379458457
14.084084084084084,0.7106823156200182
14.114114114114114,0.8622084467742384
14.144144144144144,-0.15098492294983012
14.174174174174174,0.24171977940037614
14.204204204204204,1.681190977777081
14.234234234234235,1.8177765248629472
14.264264264264265,0.8674159822222507
14.294294294294295,1.2759593558736742
14.324324324324325,1.1381621976139156
14.354354354354355,2.51594778251981
14.384384384384385,1.5293845411422657
14.414414414414415,0.897853677252612
14.444444444444445,0.4753903403530171
14.474474474474475,0.1404259900085062
14.504504504504505,1.0350186361499376
14.534534534534535,0.5439075363248793
14.564564564564565,0.19892067054694917
14.594594594594595,0.573905077957195
14.624624624624625,0.3427524840669237
14.654654654654655,1.7126355625077867
14.684684684684685,1.294639216502325
14.714714714714715,0.833817691700138
14.744744744744745,1.561005278987709
14.774774774774775,0.8422062062229432
14.804804804804805,0.3546442306857767
14.834834834834835,1.527904528816583
14.864864864864865,1.016162633060384
14.894894894894895,0.20777632275188695
14.924924924924925,0.6102668298547304
14.954954954954955,0.24602769474769304
14.984984984984985,-0.029779031050267357
15.015015015015015,1.1018970145694422
15.045045045045045,1.5701279317029315
15.075075075075075,-0.10780775014078325
15.105105105105105,0.8484837258094446
15.135135135135135,0.21668961069532322
15.165165165165165,11.24769084738735
15.195195195195195,0.19439423170980719
15.225225225225225,0.03221068671138361
15.255255255255255,0.46166317241401417
15.285285285285285,-0.005270833860852087
15.315315315315315,0.5178646076580903
15.345345345345345,0.3296040740429019
15.375375375375375,0.20701617309611517
15.405405405405405,-0.15581897434576347
15.435435435435435,-0.01921883198060137
15.465465465465465,0.6178237057080487
15.495495495495495,0.46133141420882684
15.525525525525525,-0.3073502257901597
15.555555555555555,0.2014845261145259
15.585585585585585,0.4977660119455403
15.615615615615615,-0.7424861904343032
15.645645645645645,0.33395739138842967
15.675675675675675,-0.2990298968151173
15.705705705705705,0.2875568946221971
15.735735735735735,-0.40939847599884305
15.765765765765765,-0.9602113659278597
15.795795795795796,-0.9014908588934206
15.825825825825826,-0.09354739111356021
15.855855855855856,-0.017492803187154987
15.885885885885886,-0.6291436819054012
15.915915915915916,0.11283913862071268
15.945945945945946,-1.066502673745915
15.975975975975976,-0.2978555164020501
16.006006006006007,-0.8991578979333348
16.036036036036037,-0.6481372386453497
16.066066066066067,-0.3267986794826269
16.096096096096097,-0.8086674718744855
16.126126126126128,-0.5983600641239318
16.156156156156158,0.06980878841086663
16.186186186186188,-0.7486481194781036
16.216216216216218,-0.06880571681702768
16.246246246246248,8.584890469188974
16.276276276276278,-0.27330891263539453
16.306306306306308,0.15751016088332426
16.336336336336338,-1.8236516233833426
16.366366366366368,-1.0103021586472873
16.396396396396398,-0.3467918943084896
16.426426426426428,-0.7597511804921692
16.456456456456458,-0.49496253273459
16.486486486486488,-1.004221382120467
16.516516516516518,-0.6799939901372536
16.546546546546548,-0.8215353818262291
16.576576576576578,-0.17954299620353453
16.606606606606608,-0.6552724531533632
16.636636636636638,-0.6320247993926774
16.666666666666668,-1.0243857362191788
16.696696696696698,-1.0791334654412597
16.726726726726728,-1.067739300999989
16.756756756756758,-0.6695961981717293
16.786786786786788,-1.0918949281190202
16.816816816816818,-0.7503008860134137
16.846846846846848,0.12953368068489046
16.876876876876878,-0.48476384544122303
16.906906906906908,-1.0946675514766897
16.936936936936938,-0.3415383059774454
16.966966966966968,-1.1558228699357227
16.996996996996998,-1.9796291094289262
17.027027027027028,-1.4725254790350972
17.057057057057058,-1.9109204514806537
17.087087087087088,-1.157443735866291
17.117117117117118,-0.9777550856712197
17.147147147147148,-0.15313292038214332
17.177177177177178,-0.8313812545421116
17.207207207207208,-1.1069914842944777
17.237237237237238,-0.5844352801706045
17.26726726726727,-2.1055016184353343
17.2972972972973,-0.8820209026582168
17.32732732732733,-0.613388222549711
17.35735735735736,-1.736205908537102
17.38738738738739,-0.42222877911177203
17.41741741741742,-0.8211541921065284
17.44744744744745,-1.1934498675026204
17.47747747747748,-0.6639295565689212
17.50750750750751,0.16139534944324485
17.53753753753754,-0.8757702960532997
17.56756756756757,-0.8344737643071782
17.5975975975976,9.93147794289688
17.62762762762763,-1.3646824447068127
17.65765765765766,-0.5139048944203644
17.68768768768769,-1.345589480961677
17.71771771771772,-0.8694118300157393
17.74774774774775,-1.1308548067180562
17.77777777777778,-0.6385629340901202
17.80780780780781,-0.6964567870208078
17.83783783783784,-0.3289744034323422
17.86786786786787,-1.086444670166311
17.8978978978979,-0.9493162982513996
17.92792792792793,-1.2859686945197915
17.95795795795796,-1.0002231625112956
17.98798798798799,-0.5702143630040082
18.01801801801802,-0.360474083527634
18.04804804804805,-1.1794884826482317
18.07807807807808,-0.26239247758981704
18.10810810810811,0.0024625601592209723
18.13813813813814,-0.44619085680031345
18.16816816816817,0.308526408928984
18.1981981981982,-0.993161308706021
18.22822822822823,-1.2044425807425778
18.25825825825826,-1.4467989598334006
18.28828828828829,0.2157623761409081
18.31831831831832,-0.17941793841133108
18.34834834834835,-0.5082772694189512
18.37837837837838,-0.31395151812849753
18.40840840840841,-0.9897219224649747
18.43843843843844,0.8232420439022006
18.46846846846847,-0.30731953811880314
18.4984984984985,-0.2891935326133933
18.52852852852853,0.04734167968940611
18.55855855855856,-0.04640318382243855
18.58858858858859,-0.14607324019598955
18.61861861861862,-0.6241272713361864
18.64864864864865,0.036175741825084234
18.67867867867868,0.7709653671791982
18.70870870870871,0.5323280349169973
18.73873873873874,0.6860028053999984
18.76876876876877,-0.3363071425700346
18.7987987987988,-0.5455377415365106
18.82882882882883,-0.08361906868905536
18.85885885885886,0.03716525927846326
18.88888888888889,0.5864185854803583
18.91891891891892,-0.7769249242679241
18.94894894894895,0.8640046177690481
18.97897897897898,0.050058097529611115
19.00900900900901,-0.054662279130634595
19.03903903903904,-0.3177008986632453
19.06906906906907,-0.6096738567795903
19.0990990990991,0.6585466044996098
19.12912912912913,0.31260443583512965
19.15915915915916,-0.34029968756175444
19.18918918918919,-0.31439805494257644
19.21921921921922,0.19340914504810258
19.24924924924925,1.2236466227619782
19.27927927927928,0.28682365246007885
19.30930930930931,-0.30784436059533965
19.33933933933934,0.3475632475005176
19.36936936936937,0.36035645077409373
19.3993993993994,-0.8258895379043356
19.42942942942943,0.5207706932240251
19.45945945945946,0.4573211273789229
19.48948948948949,0.9452453375864569
19.51951951951952,1.5454355014064403
19.54954954954955,1.2074953284323269
19.57957957957958,0.5324429189060853
19.60960960960961,0.13569740479392034
19.63963963963964,1.9970920961462753
19.66966966966967,0.7608326433911539
19.6996996996997,0.7583399344941117
19.72972972972973,0.7587870657894219
19.75975975975976,0.8886712085127858
19.78978978978979,0.7355158050513423
19.81981981981982,0.5382038627476878
19.84984984984985,0.5682002879806963
19.87987987987988,0.8410890889503426
19.90990990990991,0.6008160971499902
19.93993993993994,0.5303815606222032
19.96996996996997,0.9534958724958308
20.0,0.7854566420171999
20.03003003003003,1.6767830024704253
20.06006006006006,-0.389691050867781
20.09009009009009,1.4917107864301276
20.12012012012012,1.5783104610589604
20.15015015015015,-0.0729781454586288
20.18018018018018,0.7999532623806316
20.21021021021021,0.7922808626075614
20.24024024024024,0.2800677864965089
20.27027027027027,0.5998504801694522
20.3003003003003,0.43751449296762146
20.33033033033033,1.872085984526238
20.36036036036036,1.4660402229057132
20.39039039039039,1.6353287246090564
20.42042042042042,1.3608360296979007
20.45045045045045,0.4350211976991055
20.48048048048048,0.7359327092751083
20.51051051051051,1.2406257767783915
20.54054054054054,0.38172217293282873
20.57057057057057,1.345237643790445
20.6006006006006,0.8636365009679278
20.63063063063063,0.7905624415072674
20.66066066066066,1.3267446023388445
20.69069069069069,1.185812223697791
20.72072072072072,0.7747444503286316
20.75075075075075,1.5255780381661341
20.78078078078078,0.3952141130092901
20.81081081081081,1.232702425949404
20.84084084084084,1.2094402316148376
20.87087087087087,0.7454481786805656
20.9009009009009,1.0498079440814505
20.93093093093093,0.24690507366218917
20.96096096096096,1.3194090710124808
20.99099099099099,0.7491050492109189
21.02102102102102,0.5635963026454542
21.05105105105105,1.33212022801621
21.08108108108108,0.4373733168050202
21.11111111111111,0.06653210041787716
21.14114114114114,-0.027029275336019953
21.17117117117117,1.0341353897135876
21.2012012012012,0.070101554571106
21.23123123123123,1.5662586216297067
21.26126126126126,-0.3741790439935889
21.29129129129129,1.4923367094803295
21.32132132132132,0.726359309164454
21.35135135135135,0.5486762272024045
21.38138138138138,0.30021708198970687
21.41141141141141,0.7473721223072424
21.44144144144144,0.503620179592763
21.47147147147147,1.0482508373145643
21.5015015015015,0.52742828466324
21.53153153153153,0.5187558061097748
21.56156156156156,0.2346892702599871
21.59159159159159,0.3605374470633388
21.62162162162162,0.515075241786328
21.65165165165165,-0.5220714241072159
21.68168168168168,-0.3695418132014625
21.71171171171171,0.6474464463089808
21.74174174174174,0.3322619083284106
21.77177177177177,0.12562973655198756
21.8018018018018,0.1974343499016713
21.83183183183183,0.3324344925005063
21.86186186186186,-0.14095299839654937
21.89189189189189,-0.2900585768418324
21.92192192192192,0.16709400118080994
21.95195195195195,-0.4499998016470051
21.98198198198198,0.21329284263166387
22.01201201201201,-0.8721537254520924
22.04204204204204,0.4637063191471295
22.07207207207207,0.15546353811661648
22.1021021021021,0.01728885241942127
22.13213213213213,0.35082851110332713
22.16216216216216,0.6625559843005511
22.19219219219219,0.3074929958845384
22.22222222222222,-1.1494598816984805
22.25225225225225,-0.8979354609796055
22.28228228228228,-0.5994476978906227
22.31231231231231,-0.30262548280728435
22.34234234234234,-0.08518944497226705
22.37237237237237,-0.7349285951674884
22.4024024024024,-0.30637554322225374
22.43243243243243,-0.8047921519188392
22.46246246246246,-0.7598162159104558
22.49249249249249,-1.1839350521680123
22.52252252252252,-0.9683349382578454
22.55255255255255,-1.2082175038620475
22.58258258258258,-1.0454886520767348
22.61261261261261,-0.05540518767880309
22.64264264264264,-1.0810745771915702
22.67267267267267,0.6862136424911391
22.7027027027027,-0.4063526240183335
22.73273273273273,-0.5830388537929367
22.762762762762762,-1.1264720638146792
22.792792792792792,-0.3683457184886158
22.822822822822822,-1.0268791586367492
22.852852852852852,-0.6979484890775045
22.882882882882882,0.5018800966434337
22.912912912912912,-0.8446992024280635
22.942942942942942,-0.2398212850010243
22.972972972972972,-1.1831004311000282
23.003003003003002,-0.8653109305624819
23.033033033033032,0.022043671650431307
23.063063063063062,-1.1916016170653463
23.093093093093092,0.014136578579991843
23.123123123123122,-0.5513769182932244
23.153153153153152,-1.1988351614182826
23.183183183183182,-0.6129193578180496
23.213213213213212,-0.4535296335341212
23.243243243243242,-0.6387380515642721
23.273273273273272,-1.743735240645175
23.303303303303302,-1.3303068928984734
23.333333333333332,-1.0977413053453087
23.363363363363362,-1.017564111118878
23.393393393393392,-0.6754927432969262
23.423423423423422,-0.9015707308473424
23.453453453453452,-1.6617927524861167
23.483483483483482,-0.8068245561948215
23.513513513513512,-0.6935345568916946
23.543543543543542,-0.719935475816677
23.573573573573572,-0.45954202498243224
23.603603603603602,-0.5821713244961912
23.633633633633632,-0.7678414235759925
23.663663663663662,-1.0299139615435098
23.693693693693692,-1.8218141412336544
23.723723723723722,-0.7721332133643564
23.753753753753752,-0.877817167432702
23.783783783783782,-0.8397050824722541
23.813813813813812,-1.6068226415652973
23.843843843843842,-1.501057192731275
23.873873873873872,-0.425166922247206
23.903903903903903,-0.9618771320016629
23.933933933933933,-0.5908558884656758
23.963963963963963,-0.9061136692757388
23.993993993993993,-0.8932315655969132
24.024024024024023,-0.4259856361776345
24.054054054054053,-1.1393606393218527
24.084084084084083,-0.8186938892779246
24.114114114114113,-1.0825263420239117
24.144144144144143,-1.0525035043785977
24.174174174174173,-0.9729549664224305
24.204204204204203,-0.6896775810658788
24.234234234234233,-1.02177228064933
24.264264264264263,-0.13546789438325635
24.294294294294293,-1.1909092599151494
24.324324324324323,-0.8166305473661617
24.354354354354353,-0.9219972409540819
24.384384384384383,0.04305338052185215
24.414414414414413,-0.5598484507203096
24.444444444444443,-0.11930039150225424
24.474474474474473,-1.3545268675504136
24.504504504504503,-0.4541939345390187
24.534534534534533,-0.11834608928856383
24.564564564564563,-0.4969540897022592
24.594594594594593,0.020194725990632878
24.624624624624623,-0.7451768836458699
24.654654654654653,0.24459258793872224
24.684684684684683,0.7162343273269554
24.714714714714713,-0.5873769721706767
24.744744744744743,-0.6010858438864606
24.774774774774773,0.3763219216483128
24.804804804804803,0.4676959633852886
24.834834834834833,-0.5549494757223066
24.864864864864863,-0.474777546606097
24.894894894894893,-0.37650244346689965
24.924924924924923,-0.8785489376388609
24.954954954954953,-0.636177149176818
24.984984984984983,-0.6492895802401192
25.015015015015013,-0.501353247652606
25.045045045045043,-0.10492626423594018
25.075075075075073,0.059473167674424
25.105105105105103,0.7476176405322361
25.135135135135133,-0.49678311623910243
25.165165165165163,0.5245794547066951
25.195195195195193,-0.04458104797972753
25.225225225225223,0.06762035765156937
25.255255255255253,0.459617519689534
25.285285285285283,-0.4094078750652559
25.315315315315313,0.37276634946662746
25.345345345345343,0.29423220081374807
25.375375375375373,0.4864860774750209
25.405405405405403,0.4138824649514101
25.435435435435434,1.5257430749360408
25.465465465465464,0.007749073961568709
25.495495495495494,0.08935212587063412
25.525525525525524,0.07119189625772343
25.555555555555554,0.13259000597756393
25.585585585585584,0.11883140038964052
25.615615615615614,1.0588350965368865
25.645645645645647,1.2009621221935132
25.675675675675677,0.231277528191007
25.705705705705707,0.12594768341791007
25.735735735735737,0.8028191895920993
25.765765765765767,0.31547444651560863
25.795795795795797,0.9319929810560741
25.825825825825827,0.740374643861793
25.855855855855857,-0.09614899309747593
25.885885885885887,1.457688897226725
25.915915915915917,1.6034716360181087
25.945945945945947,0.4200987535637619
25.975975975975977,0.5529475139663658
26.006006006006007,0.9093627703141999
26.036036036036037,0.9525991341888574
26.066066066066067,1.1328753435429257
26.096096096096097,1.8262133075150628
26.126126126126128,0.7494048308016713
26.156156156156158,0.45474168443157337
26.186186186186188,0.17947257212546042
26.216216216216218,0.5181253187383497
26.246246246246248,0.8806882405723838
26.276276276276278,1.807382963840447
26.306306306306308,0.6633300150355578
26.336336336336338,1.0452297509016775
26.366366366366368,0.9354828160999925
26.396396396396398,1.5473984278286528
26.426426426426428,2.2253159956545527
26.456456456456458,0.7041960543194479
26.486486486486488,0.7318170279399066
26.516516516516518,1.5046429188509327
26.546546546546548,1.3286479453326439
26.576576576576578,1.915304938011046
26.606606606606608,1.2872699653109725
26.636636636636638,0.8181169226830792
26.666666666666668,1.2946477611262528
26.696696696696698,1.5543283917080295
26.726726726726728,11.68614654008335
26.756756756756758,1.2522212080744772
26.786786786786788,1.5298741283669255
26.816816816816818,1.5782385578149798
26.846846846846848,1.6808282816290139
26.876876876876878,1.3093692623659035
26.906906906906908,0.8958325890509904
26.936936936936938,1.0462426314173434
26.966966966966968,1.5687571453431732
26.996996996996998,0.5487810730034817
27.027027027027028,1.132468624559406
27.057057057057058,0.7414906618647134
27.087087087087088,0.9417146056933101
27.117117117117118,1.5549140348738577
27.147147147147148,0.9987578389719454
27.177177177177178,0.9131323259497185
27.207207207207208,0.19588926170164567
27.237237237237238,1.2340576404400916
27.26726726726727,1.168010141801164
27.2972972972973,1.9104703989562966
27.32732732732733,0.6577815091776669
27.35735735735736,0.9033414680769983
27.38738738738739,0.8998380568845319
27.41741741741742,1.5445537892732188
27.44744744744745,0.6881787618149318
27.47747747747748,0.854673149024124
27.50750750750751,0.9978016122200158
27.53753753753754,0.7652232183506411
27.56756756756757,0.42616125638164715
27.5975975975976,0.7232969001045146
27.62762762762763,1.1393769053640819
27.65765765765766,0.06506915717590966
27.68768768768769,0.6200559229165297
27.71771771771772,0.1782557829480656
27.74774774774775,1.1001082082890266
27.77777777777778,-0.28519305351287816
27.80780780780781,0.17032539341291825
27.83783783783784,0.611372584715324
27.86786786786787,1.1781277684794818
27.8978978978979,0.3347332148927189
27.92792792792793,0.061919688362056635
27.95795795795796,1.251702936157688
27.98798798798799,-0.44155815078388827
28.01801801801802,-0.8458844748487463
28.04804804804805,0.4443668260337907
28.07807807807808,-0.05602872651357432
28.10810810810811,-0.3451550751036325
28.13813813813814,0.4899533026456253
28.16816816816817,0.22786674828374417
28.1981981981982,-0.2059771651650792
28.22822822822823,-0.5940628782250889
28.25825825825826,0.45230359580653
28.28828828828829,0.3111466358744267
28.31831831831832,-0.09355818699896118
28.34834834834835,0.8493715904253286
28.37837837837838,-0.6388992627409009
28.40840840840841,-0.8964357856429626
28.43843843843844,-0.5093230179295125
28.46846846846847,-0.21571045845568546
28.4984984984985,-0.10062223250115686
28.52852852852853,-0.3720840445516987
28.55855855855856,-0.10438562013617206
28.58858858858859,-0.9348774747729043
28.61861861861862,0.38435882834286095
28.64864864864865,-0.40671041719853906
28.67867867867868,0.1652314391811729
28.70870870870871,-0.2494806946537223
28.73873873873874,-0.21951416032843377
28.76876876876877,-0.18965065309770296
28.7987987987988,-0.2768956323635966
28.82882882882883,-0.20515260790726458
28.85885885885886,0.11277297781298101
28.88888888888889,-0.4783344215133528
28.91891891891892,-0.24636491082011996
28.94894894894895,-0.669464597432822
28.97897897897898,0.07229511747069683
29.00900900900901,-1.0085422702797482
29.03903903903904,0.20814594272346687
29.06906906906907,-0.7337571105519917
29.0990990990991,-1.4497759992798653
29.12912912912913,-0.6903843300368723
29.15915915915916,-1.1143301537190617
29.18918918918919,-0.37215257158395076
29.21921921921922,-1.136741755023277
29.24924924924925,-1.0507461084414684
29.27927927927928,-1.7889030588896468
29.30930930930931,-1.086002970684822
29.33933933933934,-2.086731235404708
29.36936936936937,-1.6808959147416704
29.3993993993994,-0.5220885135216395
29.42942942942943,-0.5219334691813129
29.45945945945946,-0.7138175371568204
29.48948948948949,-1.4209116599726346
29.51951951951952,-0.9713112292392154
29.54954954954955,-0.9584344297038917
29.57957957957958,-1.5441304842047996
29.60960960960961,-0.22069384072695875
29.63963963963964,-0.5402798575936536
29.66966966966967,-1.0951283377310095
29.6996996996997,-0.9760006893306569
29.72972972972973,-0.8891573469976324
29.75975975975976,-2.0172255900556855
29.78978978978979,-1.1220578010191082
29.81981981981982,-1.3406718331952259
29.84984984984985,-1.5007988674637422
29.87987987987988,-1.139946437387313
29.90990990990991,-0.09905926539820598
29.93993993993994,-0.675087492496164
29.96996996996997,-1.2778071271537135
30.0,-0.7017402334147825
