Transaction_ID,Transaction_Amount,Account_Balance,Transaction_Type,Is_Fraudulent
1,5533.253688880515,29847.5734036673,Withdrawal,0
2,7180.374727086953,998.1529349766198,Deposit,0
3,6067.357423109274,24053.396694932526,Withdrawal,0
4,5494.343511669279,35584.13435158191,Transfer,0
5,4294.182513455156,2676.783885192485,Deposit,0
6,6494.3517193598955,44036.31340967464,Deposit,0
7,4432.113391500656,26244.030123465818,Deposit,0
8,8928.55270774259,2017.7218921230372,Transfer,0
9,9640.26132896019,11608.473790081589,Withdrawal,0
10,3896.071036375199,47706.94697315199,Deposit,0
11,7938.07787701838,29324.826786076737,Deposit,0
12,5336.059705553755,5819.8921045558245,Transfer,0
13,5723.64115482993,14733.452862887794,Withdrawal,0
14,9263.406719097344,23106.829480093966,Transfer,0
15,803.2569761590808,1537.028428752658,Transfer,0
16,962.580067045253,20874.96792388106,Deposit,0
17,300.16213465922465,24728.20245401756,Withdrawal,0
18,8342.936470924586,12562.054826420994,Deposit,0
19,7803.75183440352,29637.630514453336,Deposit,0
20,8713.12026764351,37785.385919812754,Transfer,0
21,9788.321588104363,12173.794093228957,Transfer,0
22,8011.669785745564,31214.74506385939,Deposit,0
23,4668.645686304026,32161.30102670521,Transfer,0
24,7827.238845235909,47452.74490587763,Transfer,0
25,1270.9168161024388,39024.67028117397,Withdrawal,0
26,6435.218111142486,42493.090854605296,Deposit,0
27,1519.1975453495595,24775.78546759562,Deposit,0
28,9452.222278790881,9674.75505547945,Withdrawal,1
29,5266.298385325709,49792.857001501936,Transfer,0
30,4205.153205906184,6903.110171415631,Withdrawal,0
31,2719.100559835807,23837.137308036137,Withdrawal,0
32,7764.913525398745,3870.608412484277,Withdrawal,0
33,4615.888288943831,47220.61743886556,Transfer,0
34,5727.49609379962,48263.78457199776,Withdrawal,0
35,286.0190243199159,36109.75856919669,Deposit,0
36,6214.591421051183,17824.64575969336,Transfer,0
37,6159.7476549519715,13091.928855322405,Withdrawal,0
38,6207.6465690600935,13632.514564583847,Withdrawal,0
39,9443.10597729478,6801.054258293699,Withdrawal,0
40,6850.020961124485,26527.543177297786,Withdrawal,0
41,3659.1282156804814,7519.955147223137,Withdrawal,0
42,4426.616342613481,16178.167994396086,Withdrawal,0
43,7006.548839679922,31521.970559975693,Deposit,0
44,696.2321691297714,36513.40867474212,Transfer,0
45,6700.99048291211,1701.4988787920302,Deposit,1
46,6739.314909219778,21790.741226648624,Withdrawal,0
47,2182.7873546310248,32780.16744468588,Withdrawal,0
48,1376.3703467830478,42735.67581984639,Withdrawal,0
49,3222.74067414942,24028.57671949808,Deposit,0
50,3700.736632331964,48475.69065002542,Withdrawal,0
51,5744.9480271370085,13648.81110330164,Deposit,0
52,4442.1549832769715,1168.6809780225844,Transfer,0
53,9884.900996786339,24445.76680273594,Deposit,0
54,1110.243626405478,13177.63285349089,Deposit,0
55,2167.8798853388635,41274.02476514688,Transfer,0
56,1696.964227061463,12022.247272965049,Withdrawal,1
57,6565.772422107444,15876.146305419661,Deposit,0
58,2607.5868651438427,39665.75783544606,Transfer,0
59,4716.476651277432,35899.59097525532,Deposit,0
60,2519.8133608158673,28123.536214534495,Deposit,0
61,1673.7988780906453,35394.92906517659,Transfer,0
62,1192.713897526621,21222.52474671631,Deposit,1
63,6597.662935706207,762.8473569260561,Transfer,0
64,1468.0112183512767,1062.0788613535315,Deposit,0
65,2046.1653806325296,25805.47848489749,Withdrawal,0
66,3750.3791895435447,4622.903496090462,Transfer,0
67,8227.832975494557,3028.2362683782108,Withdrawal,0
68,1061.3026303513066,48293.07363730493,Deposit,0
69,8395.654584238158,43020.6306630739,Withdrawal,0
70,1051.3742381502343,8025.347746873691,Transfer,0
71,9766.948703632617,532.8788202151222,Deposit,0
72,4739.646896312245,47112.555871792945,Transfer,0
73,9769.934773084338,14277.102266845659,Deposit,1
74,6087.970645475955,9701.931341347126,Withdrawal,0
75,7418.7094360431865,34729.651337660995,Withdrawal,0
76,487.9591433177747,5890.735072645647,Transfer,0
77,2899.7889295064547,13600.155101138615,Transfer,0
78,1289.9459560103721,48767.1866704963,Deposit,1
79,3031.787955469235,32153.407336463508,Transfer,0
80,1275.404417647016,26273.5506783864,Transfer,0
81,3248.0334760003625,20196.971434329418,Withdrawal,0
82,4201.203645695233,38837.797266768,Transfer,0
83,735.0602138529651,7477.39508792284,Transfer,1
84,6955.473981763196,48383.221200830616,Deposit,0
85,5709.354396645094,43125.58889925644,Withdrawal,0
86,2727.3559603005097,31074.020637177542,Withdrawal,0
87,5280.155729320327,2623.856424926629,Deposit,0
88,1030.0110565085724,35192.354647663014,Withdrawal,0
89,5801.870306006174,45707.5748738313,Deposit,0
90,9300.03235600452,26466.564840191986,Deposit,1
91,3253.832629268104,18034.128680449507,Transfer,0
92,6707.362761640448,6453.728576483746,Transfer,0
93,1404.7988378034825,37867.60465480963,Deposit,0
94,7191.639320773799,44308.58163498441,Transfer,0
95,2965.120320177291,5462.4613317545045,Transfer,0
96,1913.5944838704565,38069.735460240925,Withdrawal,0
97,5906.4780546198235,1344.4940698253267,Withdrawal,0
98,299.0647072561862,48369.21844482237,Transfer,0
99,8306.506289251894,30945.372021437262,Deposit,0
100,146.48521430621594,27845.733420085842,Deposit,0
101,6810.383714282678,15149.516762651925,Transfer,0
102,2773.078934602432,46499.93774270428,Transfer,0
103,7378.42081901369,13662.328553171155,Deposit,0
104,9625.666596662639,41493.2573542264,Withdrawal,0
105,2562.6561208475846,49262.879627188035,Withdrawal,0
106,5803.957610736586,39278.13395298289,Deposit,1
107,5961.2151195912065,26190.00105912837,Transfer,0
108,5765.293867329647,3770.67606065776,Withdrawal,0
109,2308.5081631421212,23884.482563968115,Deposit,0
110,9532.215214018152,22193.669375099325,Transfer,0
111,4526.541248314511,10538.404038756264,Transfer,0
112,8479.445857464165,21467.58801735807,Withdrawal,0
113,7024.844825643293,18209.015261976765,Transfer,0
114,3044.6258134658233,8602.3709270066,Deposit,0
115,8156.598415054525,22348.020094958065,Deposit,0
116,4025.406834385148,13508.597838062207,Deposit,0
117,8822.9216514005,26342.089823772087,Deposit,0
118,5854.601439095001,2240.422955951612,Transfer,0
119,8829.180082363042,45358.45527947057,Deposit,0
120,6956.062741769882,40910.033123232875,Withdrawal,0
121,7280.017370214441,27852.775959269977,Transfer,1
122,5063.111381074353,42664.52484648354,Transfer,0
123,9565.227983759916,48138.55615363462,Transfer,0
124,6475.502972373411,5970.853555606698,Deposit,0
125,4296.164980725979,31726.17451628529,Transfer,0
126,6103.292819866451,49900.7030463151,Deposit,0
127,290.01266326240193,49400.513882009545,Deposit,0
128,3085.5906850780384,30364.48811839186,Transfer,0
129,6635.718021177582,6837.033087315425,Transfer,0
130,2971.7683113833964,29368.045134031145,Deposit,0
131,6218.352747088531,602.1994609338749,Transfer,0
132,4344.810139363085,10346.111066009551,Transfer,0
133,1441.1932358022573,47828.09639821802,Deposit,1
134,3052.9950269647047,16856.80834384077,Deposit,0
135,5742.652615942522,32100.310235958954,Transfer,0
136,5949.640336356915,14402.544984296013,Deposit,0
137,5785.81996361083,47417.18341202368,Deposit,0
138,6566.688116585623,36563.6571324996,Withdrawal,0
139,6555.82237301672,16817.732300279924,Transfer,0
140,4371.042510796342,39692.190348428354,Transfer,0
141,8975.811298925524,5854.193461578714,Transfer,0
142,3738.8625134741756,19919.78753324024,Transfer,0
143,4415.062760129706,11450.29732271382,Transfer,0
144,8930.041214655153,34344.45914016429,Deposit,1
145,8081.320491556249,5571.090947710554,Transfer,0
146,7068.496977049626,20152.778697992366,Transfer,0
147,1092.246184391781,14194.161645354885,Withdrawal,0
148,9202.877876072269,25563.974506528306,Deposit,0
149,7170.988865536203,17819.935184942005,Transfer,0
150,9988.585365021878,35467.323594517045,Transfer,0
151,1579.538216114138,1716.5627031948202,Transfer,0
152,8694.447967945322,31882.352604642423,Transfer,0
153,1708.6800532961108,11913.27883984409,Deposit,0
154,6194.039686410058,13801.096923464042,Withdrawal,0
155,1325.817830209471,40112.65237738442,Withdrawal,0
156,8495.281470290121,47800.63550203083,Transfer,0
157,8092.457691377605,16169.235396340788,Withdrawal,0
158,5734.097312284473,41426.86088326925,Withdrawal,0
159,4131.114642537397,5647.546479576038,Withdrawal,0
160,784.7532550058667,31882.091823865467,Withdrawal,0
161,7004.54485413118,37676.09882697848,Withdrawal,0
162,4590.072558512882,8220.907437705599,Deposit,0
163,7248.350434756444,21587.118189643246,Deposit,0
164,8677.185026693429,44689.00463032458,Deposit,0
165,9757.66289952857,5627.1339406944235,Withdrawal,0
166,8572.45308968685,1395.7697309730197,Deposit,0
167,215.96943343151952,29733.97626287272,Withdrawal,0
168,3663.7828383358024,22058.811256281206,Withdrawal,0
169,7326.906567998174,40035.117819753184,Deposit,0
170,1799.133804888261,46211.04914110328,Transfer,0
171,5258.2624014208795,15308.105404918897,Withdrawal,0
172,637.9460845586109,19726.003799870712,Withdrawal,0
173,2079.9655964743606,24570.468273301085,Deposit,0
174,283.36576516007835,29613.497291547315,Withdrawal,0
175,7957.607263238464,49200.764569240026,Withdrawal,0
176,2316.854411797763,35017.84741608755,Withdrawal,0
177,3518.9816388993368,19782.651113605654,Deposit,1
178,9288.004805309349,13556.500479297874,Transfer,0
179,7073.702579042974,47258.97306189514,Transfer,0
180,415.2054023599477,7209.647438871067,Deposit,0
181,1730.4721493293362,36153.159698985524,Withdrawal,0
182,6252.636174847659,46307.053751975815,Transfer,1
183,5814.563027181259,33400.94653345471,Deposit,0
184,2455.138931607635,21441.194788222998,Deposit,0
185,9348.718579455459,10350.051526311458,Withdrawal,0
186,6178.26296406237,18690.0284514704,Withdrawal,0
187,5402.764749947087,35490.15456629604,Deposit,0
188,5940.108765910253,32651.944096677194,Deposit,0
189,7328.208092216019,46434.820246618714,Deposit,0
190,3188.2554552480583,43409.61522613906,Transfer,0
191,4042.3885159393094,40899.46223718523,Withdrawal,0
192,2177.4531148537094,45616.818329862734,Deposit,0
193,1943.310758215328,14178.689060483945,Withdrawal,0
194,9449.286660840942,18791.41523691265,Transfer,0
195,7421.552870987947,19304.74823740786,Deposit,0
196,4955.542205313914,28242.304141134122,Withdrawal,0
197,2351.4048169359,33576.80236236716,Transfer,0
198,2618.12916952689,14692.47581049952,Deposit,0
199,674.4886872063686,1463.3921318103671,Withdrawal,0
200,4400.724593025396,20261.50799106651,Deposit,0
201,3186.7792317416156,15772.133997942825,Withdrawal,0
202,6993.800539273049,47138.143591393375,Withdrawal,0
203,3839.743208995561,44469.119506930154,Transfer,0
204,1878.0764078403845,43085.37857799927,Transfer,0
205,344.31941107417913,32823.48816678953,Transfer,0
206,765.7713514861609,17542.313652597473,Transfer,0
207,6825.988457635816,27668.038736265586,Transfer,0
208,4591.598761104849,40853.63951546045,Withdrawal,0
209,5412.13418997635,5381.213251779146,Transfer,0
210,8977.045801099386,40153.20657263758,Withdrawal,0
211,9904.355579227373,2538.399670742022,Withdrawal,0
212,2247.280145544892,40912.84104511061,Deposit,0
213,6664.474210690998,40474.40830591374,Withdrawal,0
214,2706.891529697791,3024.861787023413,Withdrawal,0
215,304.4448947107139,31544.455217361985,Transfer,0
216,7607.9486729778,25371.42717848841,Withdrawal,0
217,3268.1697931424314,8906.065406999876,Transfer,0
218,3896.29255230179,7844.757415030094,Withdrawal,1
219,5924.339424180696,38776.32674031765,Withdrawal,0
220,8327.379706838285,28600.791067423783,Transfer,0
221,6326.920251552372,49158.45717836836,Deposit,0
222,8739.241488929214,49121.26497577303,Withdrawal,0
223,2808.066144674794,49637.016176481186,Withdrawal,0
224,8000.663655734381,6371.468159105411,Transfer,0
225,1937.795848628927,46943.67877971613,Transfer,0
226,9532.63740402225,12606.19564651786,Deposit,0
227,6906.133936239371,23181.506858051296,Deposit,0
228,2233.5260034242287,37991.62451317543,Deposit,0
229,9478.96884584035,10579.236137822983,Withdrawal,0
230,7335.472487024563,28532.42447493933,Withdrawal,0
231,2614.022261690756,9697.929037186786,Transfer,0
232,2211.7885759380715,5684.437280724018,Transfer,0
233,5230.187067913566,6269.651315265127,Transfer,0
234,354.0609087398626,18203.13222498683,Deposit,0
235,2153.9537468669832,730.4144234405825,Deposit,0
236,4304.386140639912,21530.26909948363,Deposit,0
237,3804.282805308833,33377.756701516875,Withdrawal,0
238,4689.396701211625,20383.56515769744,Withdrawal,0
239,2848.524192317846,4746.832725731839,Transfer,1
240,5909.165029935871,3603.0986701702072,Deposit,0
241,8652.170498639991,14266.767381860654,Withdrawal,0
242,1263.5653740241276,8880.978181908238,Deposit,0
243,5222.053160825731,48272.20117428949,Withdrawal,0
244,1407.4742528170177,7985.896136217208,Deposit,1
245,7196.910843806678,40370.39065154733,Withdrawal,0
246,4020.9910577922083,29512.343116186665,Withdrawal,0
247,5697.670987399239,28679.70253922257,Withdrawal,0
248,1914.4703785193783,25847.995438227335,Withdrawal,0
249,1533.9928174994345,48602.272267640576,Transfer,0
250,4931.75717842465,18510.316367036074,Deposit,0
251,3620.5661047145604,39501.829672216874,Withdrawal,0
252,9410.276258002848,27987.0583196145,Withdrawal,0
253,7676.720012688956,20083.866547473444,Deposit,0
254,7511.769836520419,47795.56369863616,Withdrawal,0
255,9046.82542348474,30116.64048355201,Withdrawal,0
256,925.8821108759837,6386.388636227672,Deposit,0
257,5566.705452231825,21168.1904493444,Transfer,0
258,5886.313082662112,39188.295520239575,Transfer,0
259,9623.170147617568,34840.47765034108,Withdrawal,0
260,2992.260515246234,45858.846326910425,Transfer,0
261,2484.2049211629237,13339.180515005251,Transfer,0
262,1092.9100284284284,38030.58895951428,Withdrawal,0
263,262.6533329555946,23263.822766028785,Withdrawal,0
264,9302.340236242686,28893.682474857364,Transfer,0
265,6732.17381125001,47774.810709811005,Withdrawal,0
266,7873.013829029063,48974.67283946428,Withdrawal,0
267,2889.128046964096,43148.75271431539,Transfer,0
268,5905.460645244634,18275.305842649665,Deposit,0
269,733.1571345977131,44441.19136850233,Transfer,0
270,4907.713199752767,32111.154293249943,Transfer,0
271,9777.201883470023,21784.840633300297,Transfer,1
272,8777.401928634248,2269.2627837739446,Withdrawal,0
273,3447.7736231847716,38621.342147483316,Transfer,0
274,9619.544529960835,25354.226245843594,Withdrawal,0
275,2393.8461020649247,39416.33072352051,Deposit,0
276,9498.256341915247,37527.12856749186,Transfer,0
277,9419.639276594336,39781.584718393424,Deposit,0
278,8012.1056147886775,15382.23235548996,Transfer,0
279,6341.434574981232,40139.53065384773,Withdrawal,0
280,8755.450869586975,27667.89325907528,Deposit,0
281,3000.9008166271874,23929.646922232587,Transfer,0
282,8504.54119759789,33918.732734127465,Deposit,0
283,6216.979249983486,1557.254805448241,Withdrawal,0
284,231.04489181310495,5564.682386435914,Withdrawal,1
285,3537.6118275289737,14962.77957579234,Transfer,0
286,1566.5945233868338,49158.01044291306,Transfer,0
287,9820.110959200707,7417.416053815272,Deposit,0
288,4835.866039695882,16864.51688758091,Withdrawal,0
289,5024.174518436761,3027.126702250219,Withdrawal,0
290,6430.777912347364,16897.80957448995,Transfer,0
291,3748.9876006832133,16356.151182286165,Withdrawal,0
292,1455.3126896874294,47366.95496175384,Withdrawal,0
293,8238.965558623031,42335.12730628816,Withdrawal,0
294,1979.494327837304,19446.82885251719,Deposit,0
295,5162.057927209915,1726.0683729428092,Deposit,0
296,2320.7385868499186,41636.04014277122,Deposit,0
297,1068.660396490937,33196.54076865474,Withdrawal,0
298,8635.696022474665,8042.041940739831,Transfer,0
299,9731.90294132899,49805.52791500427,Transfer,0
300,9612.263114823701,5461.555152494091,Transfer,0
301,9074.899442289672,43422.16980888631,Deposit,0
302,7763.068593716524,15066.175124419604,Withdrawal,0
303,3398.137005083555,22049.99658309527,Deposit,0
304,902.903760881168,39875.09807542757,Deposit,0
305,4131.687596996693,34036.663621703505,Transfer,0
306,2399.118007492333,46924.28653497994,Transfer,0
307,1411.6275841040315,31246.44611028897,Withdrawal,0
308,628.9290996895701,5341.602993213111,Deposit,0
309,7283.38420568473,44275.83798047654,Withdrawal,0
310,213.1318403878072,38573.19848693526,Deposit,0
311,7728.749410177485,35737.58731921944,Withdrawal,0
312,1554.771789463713,3159.810594009901,Deposit,0
313,887.2686176088819,20113.02586075633,Withdrawal,0
314,987.0700389621933,8788.073063247191,Deposit,0
315,6753.273292803753,41184.24346618952,Deposit,0
316,2529.135377543163,35176.16682948421,Transfer,0
317,4263.340720132975,44212.341067297195,Deposit,0
318,5617.951034106777,48345.467792746116,Transfer,0
319,8619.456620905059,38850.00690252868,Withdrawal,0
320,7297.73820084215,49714.53761942773,Transfer,0
321,2776.246261863275,30931.109364142794,Deposit,0
322,1401.6797129821632,2337.915392626667,Transfer,0
323,648.2057721698596,1205.449999939646,Transfer,0
324,3085.8264813613305,17434.141822587542,Withdrawal,0
325,2694.9696774728145,41261.85009384309,Transfer,0
326,4615.791611324748,43373.667963074186,Withdrawal,0
327,6864.4852219220365,48060.220176722556,Withdrawal,0
328,6986.691911824686,3723.5126931665104,Transfer,1
329,2906.83658116345,2706.2699938893725,Deposit,0
330,3861.276863411193,45707.53802016817,Withdrawal,0
331,1893.39452119534,15599.811568961648,Transfer,0
332,7906.600571834535,28120.37633017682,Withdrawal,0
333,662.7959566890789,49131.02170853514,Transfer,0
334,7000.272693077374,20322.202469428204,Transfer,0
335,7809.084419816923,33460.63421633707,Deposit,0
336,7796.334862302656,20343.538399783272,Transfer,0
337,2668.283387019014,38525.63589090759,Withdrawal,0
338,3800.7500655323583,26621.878915856858,Withdrawal,0
339,5917.236388444251,12257.39533032431,Deposit,0
340,2800.9368340022233,13929.652012294078,Withdrawal,0
341,3771.4427122570983,13273.931020651158,Deposit,0
342,2050.8373738378323,26849.85624879876,Transfer,0
343,4652.573249184473,35307.85629277538,Transfer,0
344,541.6617824157295,47489.355052135536,Transfer,0
345,8017.979257249119,34857.325066607504,Deposit,0
346,861.868825167664,39169.04577613834,Withdrawal,0
347,5236.467973432108,8861.842735295999,Withdrawal,0
348,3137.4199854974413,19016.099937862622,Transfer,0
349,5817.675193430618,20982.12088298417,Withdrawal,1
350,9598.390074250909,34475.82138502341,Deposit,0
351,6491.145420114438,15146.652830655243,Deposit,0
352,450.08811397936006,15512.950110273472,Deposit,0
353,4360.984151129806,18116.513154722972,Deposit,0
354,5149.166837950677,40609.95303639,Withdrawal,0
355,5408.157197564175,29090.70945714576,Deposit,0
356,6845.785854977995,4226.225351720356,Withdrawal,0
357,2848.201367544484,4373.181934678206,Transfer,0
358,1375.7195981165698,18878.703741983714,Withdrawal,0
359,3987.489197816234,38446.25700500484,Deposit,0
360,9568.416655679894,34589.82961069469,Withdrawal,0
361,1952.595828333363,35545.126555233735,Transfer,0
362,9049.441153789547,38476.8982696778,Transfer,0
363,5483.6789057655305,14714.059287873304,Transfer,0
364,4623.423074293081,27638.685956133355,Withdrawal,0
365,8832.209961275907,27395.95569568009,Deposit,0
366,4640.179221509,37111.80880840749,Deposit,0
367,7269.259602454278,47865.093170729495,Withdrawal,0
368,4050.35068486071,14260.502267375563,Deposit,0
369,9050.039489719482,39767.44280147389,Deposit,1
370,6931.247699893151,33168.54215190149,Withdrawal,0
371,7026.258337080116,29221.774607741278,Transfer,0
372,3344.431975415477,38856.54907769639,Deposit,0
373,7592.108563095203,47229.60708819092,Transfer,0
374,6397.004448926699,2316.2251845359433,Deposit,0
375,2476.2007064591244,7796.305074404423,Transfer,0
376,1689.3343426040385,37936.21795930523,Transfer,0
377,7984.275597721584,4647.6719690491855,Deposit,0
378,9595.749370048703,26048.123186684104,Deposit,0
379,4635.574389874424,11383.108443759545,Withdrawal,0
380,5950.74323670448,14077.637340216199,Deposit,1
381,8591.45417751619,35241.103905748605,Deposit,0
382,4626.512188203184,1994.542276801225,Withdrawal,0
383,9523.557320644088,43729.31168114423,Transfer,0
384,5799.936504244237,22501.708289937364,Withdrawal,0
385,8225.59449494302,25368.468048401504,Transfer,0
386,9097.55281228611,27232.37420283775,Withdrawal,0
387,8173.685805808831,32454.442581684947,Deposit,1
388,1678.2031881446637,17570.401037826032,Deposit,1
389,6326.094546710834,5504.820782892821,Transfer,0
390,4044.499160334803,16259.75736497574,Deposit,0
391,720.8582250311224,8823.034842129606,Transfer,0
392,4297.919293709435,28028.59238279846,Withdrawal,0
393,2660.9722622051363,16242.41723253913,Deposit,0
394,8505.479253442258,47924.32531067503,Transfer,0
395,429.7158028122923,48303.846760023895,Withdrawal,0
396,9593.928946448388,31196.23108812795,Deposit,0
397,3618.1515998721034,31066.114749530654,Deposit,0
398,3631.3982149851745,49276.238946071746,Transfer,0
399,261.6521765687081,44420.515986141705,Deposit,0
400,1933.800019838221,38370.96248332793,Transfer,0
401,4072.4690579557264,16022.73528126371,Deposit,0
402,9299.985031296868,18594.18189184478,Withdrawal,0
403,1086.187809190586,10462.70490516284,Deposit,0
404,9458.485181442888,24613.832282410043,Transfer,0
405,8707.936452411659,49523.24184590919,Transfer,0
406,4596.207729384762,45651.47217407364,Transfer,0
407,3334.3387295057746,6358.296983963719,Withdrawal,0
408,2404.166879862663,1746.9193198800544,Deposit,0
409,6183.200594121056,44982.56458620918,Deposit,0
410,427.43845560750566,27089.921333461018,Deposit,0
411,254.50003802359933,10409.39946631858,Transfer,0
412,4345.077652732554,33845.83684443945,Transfer,0
413,773.93333234973,32389.04730752609,Deposit,0
414,2594.21578363632,6543.237538405126,Transfer,0
415,2289.49306192623,13350.211558132167,Deposit,0
416,2606.592817856234,3473.859233506269,Deposit,0
417,1397.4467890310518,10888.093456572027,Transfer,0
418,219.15860668677726,7049.130905226612,Deposit,0
419,1243.294541673606,10065.196477490526,Transfer,0
420,6222.954569176204,34430.62372269929,Deposit,0
421,9745.136506898698,2950.237340922853,Transfer,0
422,9904.415515452849,5541.803454786716,Transfer,0
423,4149.63554419331,7141.595084875238,Transfer,0
424,1713.2488178613933,16168.785487427635,Deposit,0
425,6423.74139792864,15288.140387171075,Deposit,1
426,4954.022930832498,13125.657373173652,Withdrawal,0
427,9895.156795115872,37651.564344904604,Deposit,0
428,746.511650802624,49902.12799402598,Deposit,0
429,7854.02093930675,26931.90721962539,Deposit,0
430,2955.14512358179,47238.03453674013,Withdrawal,0
431,2490.0443387580826,20132.200550240203,Withdrawal,0
432,6658.795258173492,5780.781116734315,Deposit,0
433,2536.0255314105484,20734.304558756947,Deposit,0
434,6692.005263835958,15158.32478402732,Transfer,0
435,5221.354320302658,24923.644633314318,Deposit,0
436,4298.480985514908,33023.662007362946,Transfer,0
437,5591.409305748048,23321.985848044205,Deposit,0
438,2941.8100472043343,46790.445347852365,Transfer,0
439,7095.089592102491,44295.85870381931,Withdrawal,0
440,4207.083006402284,35247.89096072676,Withdrawal,0
441,3669.4010488103336,24739.403162045182,Deposit,0
442,8303.703454101804,7018.520449815615,Withdrawal,0
443,9257.172428336602,20152.17650549285,Withdrawal,0
444,555.4723777842396,35367.8762003581,Transfer,0
445,2403.0072290146786,14601.833267409693,Withdrawal,0
446,3550.341757976376,5647.409838399311,Deposit,0
447,8168.168145765449,45440.973646776096,Deposit,0
448,9856.365133668645,35598.015085869454,Withdrawal,0
449,9692.819876236483,30956.18311843731,Deposit,0
450,9058.988620944276,39728.69582764137,Withdrawal,0
451,3035.907024133896,41864.47886038205,Deposit,1
452,9920.911309803294,24431.220409465655,Transfer,0
453,2569.258406458867,44118.81844476728,Withdrawal,0
454,1148.4709333340988,45862.74102970472,Deposit,0
455,9514.430849448401,13941.779223526679,Transfer,0
456,2410.8605291341532,30573.495309644317,Withdrawal,0
457,6928.705824269729,26565.909426613223,Deposit,0
458,677.7279539078278,27128.316068019172,Withdrawal,0
459,7334.020081362014,46914.32315124582,Transfer,0
460,8829.030102105013,15606.840783304935,Withdrawal,1
461,2797.125265113029,49179.98192261152,Transfer,0
462,3852.6632711665425,45155.49513280949,Transfer,0
463,3805.5322148770692,23206.78298636838,Deposit,0
464,7513.003749647318,40963.93654909923,Transfer,0
465,2454.2917011364843,38567.82621884696,Transfer,0
466,1801.3456805716658,34055.8009961168,Deposit,0
467,4547.987322008607,16331.777524466137,Transfer,0
468,3114.2372330354633,10224.324095137219,Deposit,0
469,8407.97231036066,33740.62098990503,Deposit,0
470,2453.6440775548235,42227.178171853666,Transfer,0
471,5073.655629143688,1304.5130395297992,Withdrawal,0
472,9431.57763700951,32318.767077771347,Transfer,0
473,6376.577207672141,22422.214718799518,Withdrawal,0
474,8686.165114078402,44955.34387878569,Transfer,0
475,9408.075924612196,16412.91007728316,Deposit,0
476,7532.572132674884,23972.148207049275,Transfer,0
477,7025.793096225038,25980.971649741725,Deposit,1
478,9682.859109381849,7451.756307867123,Withdrawal,0
479,9944.567817512027,35788.16898359587,Transfer,0
480,4573.034658430621,41608.5790834875,Withdrawal,0
481,801.6108040236628,3366.509206364882,Transfer,0
482,2998.660911261137,14923.746616576685,Deposit,0
483,1608.3115863085316,2383.2117359853664,Deposit,0
484,4233.115110480517,47848.933182067994,Transfer,0
485,1399.7643518852346,33524.85662483927,Withdrawal,0
486,6080.766259806732,48227.92076301169,Transfer,0
487,3889.7997856627558,26808.966777399735,Transfer,0
488,8964.32025445328,40202.391932832885,Transfer,0
489,9681.167250805169,19033.49220204713,Withdrawal,0
490,5514.160526527279,18014.042112345724,Transfer,0
491,2820.753341689206,19224.256946704067,Deposit,0
492,5963.081145742184,33064.1756194582,Transfer,0
493,8977.935466421657,18292.930975571784,Transfer,0
494,4126.660123773908,45068.18885440917,Deposit,0
495,5565.574939250511,49172.10581998269,Transfer,1
496,2789.362399300844,2006.1125091817926,Withdrawal,0
497,4608.897079555267,10084.352874923576,Transfer,0
498,4076.9640002580263,6056.374633075607,Withdrawal,0
499,2559.293304321413,2597.0203310264415,Transfer,0
500,5108.077199870552,11773.17917069068,Transfer,0
501,3172.7701772001333,22616.269358269517,Transfer,0
502,3793.0451524194,41931.02308178985,Withdrawal,0
503,5297.207378317216,11480.289510244807,Deposit,0
504,7530.890726996976,24950.290155278963,Transfer,0
505,3401.723911333626,46516.127602614346,Transfer,0
506,9249.171789545559,33527.12798594041,Transfer,0
507,8636.953613675434,40004.91147792187,Deposit,0
508,582.0339301577326,27774.201524181568,Transfer,0
509,2611.0609901425455,49033.08971261118,Withdrawal,1
510,4516.741575326099,29638.776656732975,Deposit,0
511,1135.8160985504935,2752.7803411482814,Withdrawal,0
512,3549.9122914316213,10300.148597019845,Withdrawal,0
513,7426.965503615057,20536.294633378824,Deposit,0
514,6837.093363313976,30263.22004240193,Deposit,0
515,6261.605842803448,38710.57793674352,Transfer,0
516,7134.231186951221,20947.76323224237,Deposit,0
517,2128.744500901047,35647.88609827659,Withdrawal,0
518,3482.811337160848,39598.54040390169,Transfer,0
519,6794.800574546883,16204.379763874147,Deposit,0
520,8804.424154010137,48973.876881773016,Withdrawal,0
521,5482.412732898142,32657.99651417386,Deposit,0
522,2898.7265443608126,44109.404008913494,Transfer,0
523,399.32905425922763,28018.915596026032,Withdrawal,0
524,7132.334606844712,37209.35380404002,Deposit,0
525,178.05262473355972,38641.931050010084,Transfer,0
526,3789.5227912278556,45458.29477211166,Deposit,0
527,5352.31842417154,7942.31296513283,Transfer,0
528,9228.90347149521,28135.0294963778,Withdrawal,0
529,985.995995825711,21704.736398739886,Withdrawal,0
530,4118.828987486009,46196.37154810014,Deposit,0
531,340.700677130562,5702.187365325461,Withdrawal,0
532,3491.848744981744,49137.40748970518,Deposit,0
533,6260.08748251397,43834.84054261816,Deposit,0
534,2862.772687463124,4154.400937430302,Withdrawal,0
535,2176.5245015907876,24802.836084253486,Deposit,0
536,1245.462009938227,36019.195260520035,Deposit,1
537,5813.688415801384,37038.5015117073,Withdrawal,0
538,6983.173058456391,45371.45919927708,Transfer,0
539,6752.375691898641,40093.33906132439,Deposit,0
540,9493.724105133024,15891.053827032429,Deposit,0
541,126.7618175456767,25172.521900191394,Deposit,0
542,6507.2468735509565,35238.395265324776,Withdrawal,0
543,6043.883147266632,7352.623647535395,Transfer,0
544,5928.522138705853,10102.544481209768,Withdrawal,0
545,9631.4261664184,24311.601181438695,Withdrawal,0
546,267.029566363393,15263.16703592288,Withdrawal,0
547,6995.176063944356,43196.6828643127,Transfer,0
548,8155.418632048448,29520.72741527059,Withdrawal,1
549,5147.091246553683,17758.9272870592,Withdrawal,0
550,3406.252209008411,42517.2347674183,Withdrawal,0
551,7929.317615951309,40341.48320343482,Transfer,0
552,1062.704963761004,49918.56641641384,Transfer,0
553,4476.15281352626,42441.730572519875,Transfer,0
554,5247.528508251298,21015.598472881145,Transfer,0
555,6970.168468252021,6811.194647614429,Withdrawal,0
556,999.7687471208536,42111.72495592365,Transfer,0
557,2354.8190652248236,3458.016939039502,Deposit,0
558,4161.985470632244,17838.42476357028,Withdrawal,0
559,6270.617262899294,46027.03004817805,Deposit,0
560,8880.911734052434,48057.94043553248,Transfer,1
561,6226.379065589627,32207.947379300313,Deposit,0
562,1421.2685622558508,34588.09169069382,Withdrawal,0
563,9807.743314594096,2601.497191913363,Withdrawal,0
564,8730.67877407938,25966.77688393262,Withdrawal,0
565,5076.935535338708,27569.974850913888,Deposit,0
566,9231.245019786667,17334.9869331435,Withdrawal,0
567,5459.669858195644,3895.5433203172747,Withdrawal,0
568,9240.730072102715,11830.926186357503,Deposit,0
569,8315.983949173098,18220.20487462922,Transfer,0
570,9686.035461913543,22039.528332558315,Withdrawal,0
571,9205.849826703768,29750.872913911673,Transfer,0
572,456.73479254283785,36258.3801755627,Transfer,0
573,1830.2428411933056,16222.777727060335,Withdrawal,0
574,3952.433303301739,16783.211115989667,Deposit,0
575,9526.212703224666,1474.736314823334,Transfer,0
576,3070.2863028117026,2523.305574653906,Deposit,0
577,1688.6296744872502,13262.173868272552,Withdrawal,0
578,8874.416194256943,37142.12738491035,Withdrawal,0
579,4519.304713283709,31601.534603508655,Withdrawal,0
580,9087.968384107828,38604.55652355282,Withdrawal,0
581,1686.2816165694182,38561.512092633675,Withdrawal,0
582,6645.063363930185,42900.08964963041,Withdrawal,0
583,4458.611153011969,36155.80366635074,Deposit,0
584,857.2190133998254,48961.04049054073,Withdrawal,0
585,6994.985132059755,44991.84835543996,Transfer,0
586,2549.2476798376215,29542.499728050094,Transfer,0
587,492.1936735372255,29613.804689313,Withdrawal,0
588,693.4485526707753,2196.21849743536,Deposit,0
589,704.6775169611947,49927.06559656354,Withdrawal,0
590,9086.556279101891,7013.011869624018,Withdrawal,0
591,7424.8507865081,37147.186233263805,Withdrawal,0
592,8990.817336415977,41140.25215865329,Withdrawal,0
593,6758.564881835561,18966.19920060756,Deposit,0
594,5336.5052974057435,10244.17670593303,Transfer,0
595,3114.019007039045,5388.614396132474,Transfer,0
596,9979.826288153867,37555.997288564104,Transfer,0
597,3685.6716834999547,22906.349695681936,Transfer,0
598,4759.424597217704,35829.029070556215,Transfer,0
599,3844.6272317422713,45812.67861816413,Transfer,0
600,9797.31660042104,7755.894939477306,Deposit,0
601,1829.1180154105573,45998.96453582808,Withdrawal,0
602,3347.0812089899887,20875.509745667616,Deposit,0
603,6835.4517935485155,15610.716989915809,Deposit,0
604,725.7554215524434,47181.58189983756,Deposit,0
605,6111.768802714256,49537.25878401677,Deposit,0
606,4828.700378476519,10345.164779488683,Deposit,0
607,2911.5997699448008,33013.498174123175,Deposit,0
608,2460.291481148174,5771.518031667488,Withdrawal,0
609,5193.676158657691,32720.243190946534,Deposit,0
610,3742.483047316709,41452.00477490456,Deposit,0
611,4619.546923500288,34382.678052941345,Transfer,0
612,3441.0260794659753,21157.99053209849,Transfer,0
613,9707.887566600179,19461.784798406592,Withdrawal,1
614,1421.05037428148,19959.559553559146,Deposit,0
615,1058.3591364659046,29690.734990649697,Transfer,0
616,3499.578115030069,44137.57986858853,Deposit,0
617,5951.166318617863,46488.77478480401,Transfer,0
618,6625.84707131528,3149.7162002622463,Transfer,0
619,4032.841796963616,9490.30853496157,Transfer,1
620,9992.852139829494,6055.103633500281,Transfer,0
621,3583.7406623111215,10070.064717962241,Deposit,0
622,7241.926012803529,17657.086625154003,Withdrawal,0
623,6412.068675854849,25573.31828981988,Transfer,1
624,8149.233246149861,31658.330736953034,Transfer,0
625,9764.634068192818,36741.039847415224,Withdrawal,0
626,8908.957198810847,44560.52129859745,Deposit,0
627,7669.163546141314,49459.87764287464,Transfer,0
628,7012.659930401077,33311.39568857743,Withdrawal,1
629,3421.431879791406,42345.543674054265,Deposit,0
630,1562.087224246403,39012.922922772595,Deposit,0
631,720.0964302921167,15722.835941326242,Deposit,0
632,2494.8268715946997,43846.76737662869,Deposit,0
633,4379.586663694856,2616.775328416043,Deposit,0
634,5267.763108936826,518.1835156971641,Transfer,0
635,7753.527185143229,14049.765154728979,Transfer,0
636,9591.535138260271,23373.827716558768,Deposit,0
637,1261.472755809629,32098.963302533528,Withdrawal,0
638,1159.3409879185365,5537.628193954967,Deposit,0
639,5937.977757834153,33814.00162482458,Transfer,0
640,7479.440932078201,40189.88541945488,Withdrawal,0
641,8496.68876543515,9672.989519178656,Transfer,0
642,9364.737594146207,21048.700114173796,Transfer,0
643,9835.919798380355,26239.257002688835,Withdrawal,0
644,4058.0367530228064,22864.447395181793,Deposit,0
645,3865.3183169229737,40091.5815789793,Deposit,0
646,1563.3058993029965,48045.858706906874,Transfer,0
647,6880.850942967239,40048.18161840491,Withdrawal,0
648,6601.943388564287,4360.6444848533165,Withdrawal,0
649,8634.419698926951,40344.310821876796,Transfer,0
650,1062.8541483976423,3796.518445659783,Withdrawal,0
651,5027.991387470884,12180.534069457715,Transfer,0
652,5852.711103753424,8078.296393368279,Withdrawal,0
653,2491.414696395192,10277.195788881229,Deposit,0
654,1773.3515206786967,26651.598789338856,Transfer,0
655,8609.850280554252,33748.64795173726,Withdrawal,0
656,679.495730132032,23780.90347563403,Withdrawal,0
657,4759.146948788922,48004.93413194756,Withdrawal,0
658,1246.7566128787644,12394.46984149325,Transfer,0
659,4624.881737180537,38275.44139761225,Withdrawal,0
660,9801.627030788863,43574.01783610385,Withdrawal,0
661,4294.692899209181,28322.272482358596,Withdrawal,0
662,8585.536683295217,23083.013847096878,Transfer,0
663,1261.4240854136194,30011.13011557256,Transfer,0
664,2785.395559942455,21726.083622936974,Deposit,0
665,4097.548132606611,27982.097175006787,Transfer,0
666,4058.1401860923743,21138.230630375678,Transfer,0
667,6746.696438834516,20323.250659559635,Transfer,0
668,3512.709461017526,34919.650172906724,Deposit,0
669,7166.291997259162,5096.135046864414,Deposit,0
670,6427.9503023313855,8743.83260007663,Withdrawal,0
671,4051.6953380222535,42634.3243498927,Transfer,0
672,4374.425263777761,38668.32866735181,Withdrawal,0
673,6183.824228122176,14431.959501072492,Withdrawal,0
674,793.4176824319819,19174.812166955133,Withdrawal,0
675,8241.826709721336,46338.31207810978,Transfer,0
676,6568.869495025006,40994.822646106135,Transfer,0
677,7290.790397736569,30910.141848991727,Deposit,0
678,5415.5377107156655,11463.763850746407,Deposit,0
679,1193.723398818273,2690.472580105845,Withdrawal,0
680,4109.852571639804,21847.26341867396,Withdrawal,0
681,4113.198470200705,33795.04339324436,Transfer,0
682,3278.3256014278472,41509.78428063365,Deposit,0
683,396.50821655701867,42708.10578424233,Withdrawal,0
684,7398.817001705125,2122.4071140214874,Withdrawal,0
685,1186.866134818757,12585.773174925529,Deposit,0
686,6102.4505171463425,17285.182129631452,Transfer,0
687,7061.853215025436,9842.2444424896,Withdrawal,0
688,6384.384597043578,40247.28122900997,Transfer,0
689,9595.508294581952,38489.55527270465,Withdrawal,0
690,1122.6517353428724,26083.235498858052,Transfer,0
691,8684.954875141471,49154.860660794846,Withdrawal,0
692,388.98332500424124,7630.897783996692,Withdrawal,0
693,5395.6768637781315,45032.75931471961,Withdrawal,0
694,4102.011817598662,6264.93108101485,Transfer,0
695,5289.420217898206,8577.494422948974,Deposit,0
696,3714.488782894097,34962.85041240563,Transfer,1
697,1986.6124579066739,5923.699756063621,Transfer,0
698,289.3166847420288,28509.33222322619,Transfer,0
699,5229.683156532626,21301.560055396352,Withdrawal,0
700,8443.490940579939,36559.461294280234,Withdrawal,0
701,3794.837961873462,45083.42432103882,Transfer,0
702,2306.3517983483043,38608.63997611824,Transfer,0
703,897.2668343712564,42559.64888284882,Withdrawal,0
704,944.5781388751633,2130.7997022960026,Deposit,0
705,2291.824818298445,15854.677163088054,Withdrawal,1
706,1090.1392031233963,26013.93779097345,Withdrawal,0
707,2723.8930138083724,21089.689074174083,Transfer,0
708,754.8796749578516,11947.120172494579,Transfer,0
709,749.4881853782639,15739.767849021153,Withdrawal,0
710,8577.134178265542,47298.83303438449,Transfer,0
711,1704.990581017449,15061.953553631902,Withdrawal,0
712,5640.855817652135,18018.253453899393,Deposit,0
713,7757.209890045402,683.633800625925,Transfer,0
714,4618.454696856759,42331.34255025479,Deposit,0
715,1618.3518908075225,8164.614818378043,Withdrawal,0
716,2076.001806989132,10605.141637929439,Deposit,1
717,4386.543642183689,13135.593596055267,Transfer,0
718,5329.517482867504,44288.79181381971,Deposit,0
719,3559.458891280495,10719.344856692578,Transfer,0
720,7836.648042323147,39977.55486296303,Deposit,0
721,7535.114323678345,40498.44234598378,Transfer,0
722,9279.396892993867,46387.51815492659,Withdrawal,0
723,386.63023536690935,6220.2850232155415,Deposit,0
724,8967.343782981014,11255.309130722651,Deposit,0
725,3986.4310057752955,37273.465457995706,Deposit,0
726,8795.88770426194,10202.037336896583,Transfer,0
727,6938.769283949642,14673.312570235727,Deposit,0
728,9874.752695032284,8753.70821551245,Deposit,0
729,7616.896271995014,9048.485964674941,Transfer,0
730,3708.9917973681872,24336.89105409618,Transfer,0
731,5060.525411064046,5929.311574591447,Deposit,0
732,3826.252636424077,16424.0321139493,Deposit,0
733,3712.6271766102573,21616.398525144512,Transfer,0
734,2682.9545438724917,1715.1317679368908,Deposit,0
735,5010.105924197349,19722.491740485402,Deposit,0
736,6849.225456186676,5159.060586233089,Withdrawal,0
737,2845.6686859219108,24932.137291735744,Withdrawal,0
738,5291.360129664477,41374.04033357627,Deposit,0
739,1262.064912288516,41011.897027998464,Withdrawal,0
740,1682.468339856494,4482.201519101325,Withdrawal,0
741,563.3829116506686,30260.77400488875,Transfer,0
742,9710.241283429265,41812.02590757621,Deposit,0
743,138.21747995158483,12279.64087526445,Deposit,0
744,1867.9416837707975,38215.362316755156,Withdrawal,0
745,6167.380855858224,44592.83514927962,Withdrawal,0
746,905.5590286477225,40403.145496301986,Deposit,0
747,8830.77538065864,5811.401060017473,Transfer,0
748,7224.239562638653,948.4699763580525,Deposit,0
749,9667.260717235145,9990.34344113136,Transfer,0
750,5125.591917683572,13888.62837685785,Deposit,0
751,3073.9964632690235,31001.058035489994,Deposit,0
752,5540.055670673187,19521.522174494763,Transfer,0
753,9315.105301249934,35318.64801774294,Transfer,0
754,5255.53822869442,17977.210545819624,Transfer,0
755,2745.3496154369545,8144.058520402715,Transfer,0
756,8786.248012823784,15978.147252558738,Transfer,0
757,3781.995610273367,44274.049206262185,Transfer,0
758,113.69516499009148,47947.35104013071,Transfer,0
759,2552.0817226739277,10771.88033633474,Withdrawal,0
760,3250.5117408529177,39529.18515770984,Deposit,0
761,8601.896935495832,14030.762458723599,Transfer,0
762,4639.181353957805,44413.01139985467,Withdrawal,0
763,4501.4141493318775,8694.507833414646,Deposit,0
764,3427.412437358885,33465.01597535582,Deposit,0
765,8818.713418166088,4668.457603302535,Deposit,0
766,9455.765091709874,48707.71953670654,Withdrawal,0
767,9919.714258630831,35181.35055970687,Withdrawal,0
768,3829.738542913769,42169.87910055172,Deposit,0
769,9664.859711708996,28550.13229847021,Withdrawal,0
770,7939.607739345924,24101.66751447858,Withdrawal,0
771,6789.322561678241,31283.17837402107,Transfer,0
772,2524.405846258984,26672.70482912268,Withdrawal,0
773,2242.926883347677,23734.525579685072,Deposit,0
774,1743.8734627603321,38092.787447153314,Deposit,0
775,9235.290441231116,9320.947269493772,Withdrawal,0
776,3011.3589575933443,8973.016383680346,Withdrawal,0
777,4585.633029943897,21876.211207160457,Deposit,0
778,4990.182556473513,16377.021844224828,Deposit,0
779,7803.898794957516,4169.163636694693,Withdrawal,0
780,8457.926119374939,42301.289374727356,Withdrawal,0
781,1476.819741371267,38694.338931370316,Transfer,1
782,4326.35316608963,27424.114240247745,Deposit,0
783,8444.263389571026,48976.56459458626,Withdrawal,0
784,8198.5297269828,4093.703294106463,Withdrawal,0
785,1113.8962086789224,38450.13040087981,Withdrawal,0
786,1648.195153792834,13685.334384650292,Deposit,0
787,3111.5670468341373,18745.646537206983,Transfer,0
788,846.0547839250693,11354.329567551844,Withdrawal,0
789,4304.16372812187,39557.37562736233,Transfer,0
790,1165.4152809808609,7639.885050067517,Deposit,1
791,5725.3541773314655,42080.82653789626,Transfer,0
792,2540.9137041304457,33248.093587376774,Transfer,0
793,6004.687346961265,3421.6506408211794,Transfer,0
794,1263.5038647460128,40643.59571420759,Deposit,1
795,9761.25029734348,31573.90795006748,Deposit,0
796,9332.35591818767,45296.62481912791,Withdrawal,0
797,3978.7896917901912,37561.75416722759,Withdrawal,0
798,2497.568081848246,28275.485907773855,Withdrawal,0
799,2578.9423072503705,41909.08544065029,Transfer,0
800,4885.595998503681,14263.486795910494,Transfer,0
801,495.928738817098,27574.0280613059,Transfer,0
802,6433.080550143757,15034.032580268802,Deposit,0
803,4142.198792563473,48426.117358980184,Withdrawal,0
804,3836.3250686299843,11696.716891679316,Deposit,0
805,8112.713217743064,1279.0428636878942,Transfer,0
806,7119.451055814571,16629.81467918791,Withdrawal,0
807,9547.90477238765,25374.215150005333,Deposit,0
808,3584.1687809073383,1903.9652443887162,Withdrawal,0
809,8985.673370029115,28182.790851678415,Withdrawal,0
810,7722.67514387588,43776.997360085894,Withdrawal,0
811,3638.5040507876593,35384.243623625174,Transfer,0
812,6254.487820887252,31336.931987426062,Transfer,0
813,2956.842580751786,47820.10666005844,Withdrawal,1
814,8756.55917904094,47934.82702518424,Transfer,0
815,1213.0304404018814,41301.19025030982,Deposit,0
816,2203.1001768110063,30583.221445599625,Deposit,0
817,1912.0295915912193,24644.345695136482,Deposit,0
818,4089.9574238024575,1159.1476057001319,Transfer,0
819,7477.806304318078,30509.9643582138,Withdrawal,0
820,5316.383745616586,49459.85973016426,Deposit,1
821,4927.995603028255,40996.00197618944,Deposit,0
822,105.40505248025698,17359.92987227542,Transfer,1
823,4311.477081015042,8026.327739698891,Transfer,0
824,729.1823708779684,39310.90141612413,Transfer,0
825,2161.7071960026897,37324.92212127121,Withdrawal,0
826,9330.699995708894,48368.81620297649,Withdrawal,0
827,2232.4422229980582,43804.69691599727,Transfer,0
828,8597.542622479199,28005.299950984165,Deposit,0
829,8048.644378457208,5513.570224754736,Transfer,0
830,1675.547745728204,24433.282590006023,Deposit,0
831,6096.54837697576,16027.905174104691,Transfer,0
832,1245.0525318596317,25864.21986022957,Withdrawal,0
833,7306.092767858164,15434.227944662833,Deposit,0
834,6410.8765459848455,43160.23810279199,Withdrawal,0
835,8138.1917607410915,42294.1871921497,Deposit,0
836,4845.907038952962,16115.525279769268,Deposit,0
837,9157.14456955049,30179.27664551275,Transfer,0
838,588.5545732055531,21793.952453133177,Deposit,0
839,2999.596793767445,45500.091472913875,Transfer,0
840,7179.020714905154,9774.364620602977,Withdrawal,0
841,4239.281196305208,35037.555888355484,Transfer,0
842,1812.2184072844482,48533.57872794222,Withdrawal,1
843,1161.3863797426056,9176.138218372964,Withdrawal,0
844,8191.657203470052,10497.338206998058,Transfer,0
845,4784.115486809878,34839.30526427528,Deposit,0
846,8834.608351999163,39068.11926398324,Withdrawal,0
847,7359.562429735588,24782.17821229967,Deposit,0
848,4156.289435744362,30679.480024782504,Withdrawal,0
849,3797.759040141268,11027.779236185524,Withdrawal,0
850,5204.819631847392,24092.40431408264,Withdrawal,0
851,8901.693536578314,6047.5581033083,Transfer,0
852,7399.057939170262,16410.385301145405,Transfer,0
853,151.01434626332997,14596.595399032238,Withdrawal,0
854,6972.162728554343,22508.955325069794,Transfer,0
855,9203.123328367625,46541.254931063,Transfer,0
856,7133.512019094466,9472.749276318198,Withdrawal,0
857,1852.3572375182096,20368.718207923666,Withdrawal,0
858,4886.829461531841,30972.062345927414,Transfer,0
859,1489.1285774418523,47354.57576066309,Transfer,0
860,3654.0532555623577,7090.835481020525,Withdrawal,0
861,9377.458715211125,45934.89254115912,Transfer,0
862,9240.722544831213,4512.162537386046,Withdrawal,0
863,2900.0848365432207,24296.69915943309,Deposit,0
864,3462.347337245372,23002.198427908897,Withdrawal,0
865,6042.10739449981,10875.33507942118,Withdrawal,0
866,9635.653223077761,17699.25357173445,Withdrawal,0
867,1563.2332072473653,22981.180783245705,Deposit,0
868,2643.4747724980243,43327.96741407615,Withdrawal,0
869,8748.212590178637,47775.67519599121,Withdrawal,0
870,4969.7330939126105,26186.821092539678,Withdrawal,0
871,8999.714813047614,43569.93961957388,Deposit,0
872,1936.627185479445,30604.493491000583,Deposit,0
873,5373.419015966471,17779.823428389933,Transfer,0
874,3330.0693632287866,10112.61327686672,Deposit,0
875,3233.7713429355126,20950.171203246857,Withdrawal,0
876,4524.081943067372,26379.802004730464,Withdrawal,0
877,4387.466746102557,2699.947718848031,Transfer,0
878,3637.7341088117487,7719.13771060711,Transfer,0
879,9158.210626124624,30209.12898708128,Withdrawal,0
880,7344.267435785639,11637.578936519523,Transfer,0
881,7302.715214182143,41947.655616024225,Deposit,0
882,2970.1431509603585,16683.641363822433,Withdrawal,0
883,5819.32330073672,5689.293259035919,Withdrawal,0
884,7813.876389688157,4634.764133488193,Deposit,0
885,7976.3446485778095,46887.589516323096,Withdrawal,0
886,3510.851561467691,6342.005406473019,Withdrawal,0
887,7731.640290029613,7475.033326021971,Deposit,0
888,7385.349578396556,43201.96986767127,Transfer,0
889,1500.9142076568126,13087.262448728527,Withdrawal,0
890,8672.860138808124,33464.594832343595,Deposit,0
891,4469.082554786067,40927.92150797962,Deposit,0
892,4915.463443997788,30555.441686444512,Transfer,0
893,4538.854871090173,47895.682900668544,Transfer,0
894,5721.675414627324,35589.703513411645,Withdrawal,0
895,6249.575548933842,6081.199740231088,Deposit,0
896,5031.97770105314,28141.296314021056,Withdrawal,0
897,8681.206578265046,36050.233041414605,Deposit,0
898,6314.574086333316,40196.88339848554,Deposit,0
899,4074.1366981246474,1802.9060965625306,Withdrawal,0
900,4225.2483933962385,36084.50630593551,Withdrawal,0
901,8127.302289776619,41371.200640462754,Deposit,1
902,3547.100233190549,37468.27364130015,Deposit,0
903,2193.402478245894,25861.282709952106,Withdrawal,0
904,687.8935612573134,23172.037672895745,Transfer,0
905,8772.665794413684,27696.219873340884,Deposit,0
906,9193.609866784465,35379.8630919168,Transfer,0
907,1289.189803418412,46184.257386308025,Withdrawal,0
908,3411.290040811537,31043.242926735686,Transfer,0
909,1836.1834882009143,44447.798161031744,Transfer,0
910,1247.3948413762093,35212.213948563505,Deposit,0
911,9008.6807557003,3882.6506832229547,Deposit,0
912,663.0848655390191,25290.99540508028,Transfer,0
913,9806.808068343167,14681.074241604496,Deposit,0
914,1054.8635209041033,14616.158942562328,Transfer,0
915,8648.3594270165,18118.413785191216,Transfer,0
916,5708.410459192711,16079.272214023551,Withdrawal,0
917,3742.3831293969465,29141.19401579646,Transfer,0
918,3489.189528589063,34338.274267501074,Withdrawal,0
919,7597.905018053317,13803.094660298406,Deposit,0
920,3214.2756205424434,6923.249817134876,Transfer,0
921,6607.457274509704,3411.031686255874,Withdrawal,0
922,5221.528226809193,28999.765829012336,Withdrawal,0
923,4901.159887064898,9713.443233483618,Withdrawal,0
924,9021.5054894267,957.7757140731189,Transfer,0
925,5590.98608034057,46423.77742652335,Deposit,0
926,8285.92987018208,27088.45074462041,Transfer,0
927,7283.177987604745,5076.184922225152,Deposit,0
928,481.7167359840837,42224.59505031053,Withdrawal,0
929,7753.78951980365,49168.53554536084,Transfer,1
930,2247.0154759013026,22705.732769877002,Withdrawal,0
931,9041.181503830558,2603.2356077888294,Deposit,0
932,524.9494870274369,6318.524067425144,Withdrawal,0
933,3397.413141295756,19391.860458948893,Withdrawal,0
934,1087.3561776240647,44333.37055371941,Deposit,0
935,4808.332259139953,7827.914624249221,Deposit,0
936,8218.222115110542,41287.50965313343,Withdrawal,0
937,3052.0548606643347,1241.324880841462,Deposit,0
938,1594.2554833793117,23140.740589897647,Transfer,0
939,3369.643653399302,32397.658477053123,Transfer,0
940,8157.413405014296,3488.784360267022,Deposit,0
941,1489.801182213534,30930.75615551609,Transfer,0
942,2350.888245867268,47248.004012743026,Withdrawal,0
943,781.634448484402,8432.866046761457,Deposit,0
944,7086.529435497116,36615.76346024996,Transfer,0
945,4012.8091110097344,30650.1479482054,Deposit,0
946,3177.3157737188285,9663.261249521911,Transfer,0
947,7214.401264377404,807.0690281136184,Deposit,0
948,3426.177669168527,959.5803000433904,Withdrawal,0
949,7304.935604822738,26838.574254015417,Withdrawal,0
950,8170.474013611703,47167.58077327908,Deposit,0
951,2254.8621502316105,32392.782059547815,Transfer,0
952,9740.805098775234,35857.84239154031,Transfer,1
953,1707.3436843354011,24946.341602566587,Deposit,0
954,2979.3249759017513,29303.502660411206,Transfer,0
955,1879.9733792520622,6755.1925038648715,Transfer,0
956,3520.505997927711,43902.62070983122,Deposit,0
957,4852.60278942548,38159.23511900669,Transfer,0
958,5269.541103120979,49910.84816580817,Withdrawal,0
959,8550.699818733094,15237.285904003256,Transfer,0
960,8905.53429727708,11737.379703904864,Deposit,0
961,2279.028221730973,6695.502069086475,Deposit,0
962,6266.650918638949,48228.38295249422,Deposit,0
963,1203.8109672572843,39153.81663908717,Withdrawal,0
964,4643.801615802477,8733.068379122114,Transfer,1
965,3291.1020266615196,27857.980319856586,Deposit,0
966,3233.3573799907035,20981.5262993302,Deposit,0
967,4877.5839929498,7998.5573864065445,Deposit,0
968,7325.293591739749,8522.61275898329,Transfer,0
969,784.908322044656,48191.76473988669,Transfer,0
970,8803.816043105304,15595.72705640725,Transfer,0
971,7374.656368842555,47101.244938355194,Transfer,0
972,1847.3439500016955,4242.728316721677,Transfer,0
973,9397.692999964967,23309.750593512934,Transfer,0
974,5112.491017831547,6916.142901579625,Deposit,0
975,9998.104923357956,736.9755694380225,Withdrawal,0
976,2052.868795577303,27911.42064845079,Deposit,0
977,5395.591163993693,6137.758188162489,Withdrawal,0
978,2973.4556213432916,36240.214281217144,Deposit,0
979,3111.318218153541,35056.76059749153,Deposit,0
980,5951.547270256503,9228.478919492212,Withdrawal,0
981,9225.01876202125,47116.23609164308,Deposit,0
982,8072.112170233832,36191.648717408236,Withdrawal,0
983,7267.019845163126,15249.528075768032,Withdrawal,0
984,5635.820442806852,35607.071315564135,Withdrawal,0
985,9230.755186307731,36730.54874523603,Deposit,0
986,4974.377926239753,17440.20339692255,Transfer,0
987,8750.93856551371,19091.63384184223,Deposit,0
988,8356.418274378655,18275.772128838355,Deposit,0
989,2216.969933335707,31022.612955827666,Withdrawal,0
990,7735.132083362511,45070.302253738875,Withdrawal,0
991,220.49445373826177,9073.065193315088,Transfer,0
992,3296.0124217260663,43822.38068689776,Withdrawal,0
993,2372.717702450303,1868.8312470144538,Transfer,0
994,5117.943289024403,33186.76050092201,Deposit,0
995,7394.846300639777,21014.72422288986,Withdrawal,0
996,1066.9960377324687,39668.43683550844,Deposit,0
997,5197.729799174007,36199.306590079694,Transfer,0
998,9390.279014774418,24265.336453686607,Transfer,0
999,2363.6008547311603,32371.269817768538,Transfer,0
1000,6803.697326703099,25337.76996964729,Deposit,0
